rouge_1_r,rouge_2_r,rouge_3_r,rouge_4_r,rouge_l_r,rouge_1_p,rouge_2_p,rouge_3_p,rouge_4_p,rouge_l_p,rouge_1_f1,rouge_2_f1,rouge_3_f1,rouge_4_f1,rouge_l_f1
93.75,66.667,42.857,30.769000000000002,81.25,93.75,66.667,42.857,30.769000000000002,81.25,93.75,66.667,42.857,30.769000000000002,81.25
69.565,45.455,28.571,20.0,69.565,64.0,41.667,26.087,18.182000000000002,64.0,66.667,43.479,27.272999999999996,19.048000000000002,66.667
58.333,30.435000000000002,22.727,19.048000000000002,54.167,58.333,30.435000000000002,22.727,19.048000000000002,54.167,58.333,30.435000000000002,22.727,19.048000000000002,54.167
65.385,40.0,25.0,13.043,65.385,65.385,40.0,25.0,13.043,65.385,65.385,40.0,25.0,13.043,65.385
47.368,5.556,0.0,0.0,31.579,50.0,5.882,0.0,0.0,33.333,48.648,5.714,0.0,0.0,32.432
60.0,44.828,28.571,18.519,60.0,90.0,68.42099999999999,44.444,29.412,90.0,72.0,54.167,34.782000000000004,22.728,72.0
66.667,40.0,25.0,0.0,66.667,40.0,22.222,12.5,0.0,40.0,50.0,28.571,16.667,0.0,50.0
75.0,26.667,14.285999999999998,7.692,62.5,60.0,21.053,11.111,5.882,50.0,66.667,23.53,12.5,6.6659999999999995,55.556000000000004
91.667,90.90899999999999,90.0,88.889,91.667,91.667,90.90899999999999,90.0,88.889,91.667,91.667,90.90899999999999,90.0,88.889,91.667
100.0,100.0,100.0,100.0,100.0,100.0,100.0,100.0,100.0,100.0,100.0,100.0,100.0,100.0,100.0
71.429,33.333,0.0,0.0,71.429,62.5,28.571,0.0,0.0,62.5,66.667,30.769000000000002,0.0,0.0,66.667
72.414,50.0,33.333,19.231,72.414,67.742,46.666999999999994,31.034,17.857,67.742,70.0,48.276,32.141999999999996,18.519,70.0
83.333,36.364000000000004,30.0,22.222,75.0,76.923,33.333,27.272999999999996,20.0,69.231,80.0,34.782999999999994,28.571999999999996,21.053,72.0
50.0,28.571,0.0,0.0,50.0,80.0,50.0,0.0,0.0,80.0,61.538000000000004,36.363,0.0,0.0,61.538000000000004
70.833,34.782999999999994,22.727,9.524000000000001,66.667,70.833,34.782999999999994,22.727,9.524000000000001,66.667,70.833,34.782999999999994,22.727,9.524000000000001,66.667
61.905,30.0,10.526,5.556,57.143,61.905,30.0,10.526,5.556,57.143,61.905,30.0,10.526,5.556,57.143
75.0,45.455,30.0,22.222,75.0,64.286,38.462,25.0,18.182000000000002,64.286,69.231,41.667,27.272999999999996,20.0,69.231
72.222,52.941,37.5,26.667,72.222,61.905,45.0,31.579,22.222,61.905,66.667,48.649,34.286,24.242,66.667
85.714,66.667,60.0,50.0,85.714,85.714,66.667,60.0,50.0,85.714,85.714,66.667,60.0,50.0,85.714
72.0,45.833,26.087,13.636000000000001,64.0,62.068999999999996,39.286,22.222,11.538,55.172,66.667,42.308,24.0,12.5,59.25899999999999
80.952,55.00000000000001,42.105,33.333,80.952,73.913,50.0,38.095,30.0,73.913,77.273,52.381,40.0,31.579,77.273
66.667,38.462,28.000000000000004,16.667,66.667,66.667,38.462,28.000000000000004,16.667,66.667,66.667,38.462,28.000000000000004,16.667,66.667
83.333,60.0,50.0,33.333,83.333,71.429,50.0,40.0,25.0,71.429,76.923,54.545,44.444,28.571,76.923
41.667,4.348,0.0,0.0,25.0,38.462,4.0,0.0,0.0,23.077,40.0,4.167,0.0,0.0,24.0
67.391,26.667,13.636000000000001,9.302000000000001,50.0,67.391,26.667,13.636000000000001,9.302000000000001,50.0,67.391,26.667,13.636000000000001,9.302000000000001,50.0
50.0,20.0,0.0,0.0,50.0,60.0,25.0,0.0,0.0,60.0,54.545,22.222,0.0,0.0,54.545
50.0,33.333,14.285999999999998,7.692,50.0,61.538000000000004,41.667,18.182000000000002,10.0,61.538000000000004,55.172,37.037,16.0,8.695,55.172
66.667,25.0,0.0,0.0,66.667,66.667,25.0,0.0,0.0,66.667,66.667,25.0,0.0,0.0,66.667
47.945,19.444,7.042,1.429,43.836000000000006,53.03,21.538,7.811999999999999,1.587,48.485,50.358999999999995,20.438000000000002,7.407,1.504,46.043
54.545,20.0,0.0,0.0,54.545,60.0,22.222,0.0,0.0,60.0,57.143,21.053,0.0,0.0,57.143
82.609,59.09100000000001,42.857,30.0,78.261,82.609,59.09100000000001,42.857,30.0,78.261,82.609,59.09100000000001,42.857,30.0,78.261
69.231,44.0,29.166999999999998,17.391000000000002,69.231,69.231,44.0,29.166999999999998,17.391000000000002,69.231,69.231,44.0,29.166999999999998,17.391000000000002,69.231
40.0,25.0,0.0,0.0,40.0,40.0,25.0,0.0,0.0,40.0,40.0,25.0,0.0,0.0,40.0
67.857,25.926,11.538,4.0,50.0,79.167,30.435000000000002,13.636000000000001,4.7620000000000005,58.333,73.077,28.000000000000004,12.5,4.348,53.846000000000004
66.667,35.294,31.25,26.667,61.111000000000004,63.158,33.333,29.412,25.0,57.894999999999996,64.865,34.285,30.303,25.807000000000002,59.46
33.333,0.0,0.0,0.0,33.333,30.769000000000002,0.0,0.0,0.0,30.769000000000002,32.0,0.0,0.0,0.0,32.0
80.0,50.0,33.333,0.0,80.0,57.143,33.333,20.0,0.0,57.143,66.667,40.0,25.0,0.0,66.667
75.0,43.478,22.727,9.524000000000001,54.167,94.73700000000001,55.556000000000004,29.412,12.5,68.42099999999999,83.721,48.78,25.641000000000002,10.811,60.465
50.0,0.0,0.0,0.0,50.0,66.667,0.0,0.0,0.0,66.667,57.143,0.0,0.0,0.0,57.143
80.952,60.0,47.368,33.333,76.19,80.952,60.0,47.368,33.333,76.19,80.952,60.0,47.368,33.333,76.19
42.308,20.0,8.333,0.0,38.462,55.00000000000001,26.316,11.111,0.0,50.0,47.826,22.727,9.524000000000001,0.0,43.479
66.667,36.364000000000004,20.0,11.111,58.333,66.667,36.364000000000004,20.0,11.111,58.333,66.667,36.364000000000004,20.0,11.111,58.333
75.0,21.053,5.556,0.0,45.0,65.217,18.182000000000002,4.7620000000000005,0.0,39.129999999999995,69.767,19.512,5.128,0.0,41.86
45.455,40.0,33.333,25.0,45.455,62.5,57.143,50.0,40.0,62.5,52.632,47.059,40.0,30.769000000000002,52.632
56.098000000000006,12.5,2.564,0.0,48.78,47.917,10.638,2.174,0.0,41.667,51.686,11.494,2.3529999999999998,0.0,44.944
50.0,13.043,4.545,0.0,37.5,66.667,17.647,6.25,0.0,50.0,57.143,15.0,5.263,0.0,42.857
92.857,61.538000000000004,41.667,18.182000000000002,85.714,76.471,50.0,33.333,14.285999999999998,70.588,83.871,55.172,37.037,16.0,77.41900000000001
68.75,33.333,21.429000000000002,15.384999999999998,62.5,57.894999999999996,27.778000000000002,17.647,12.5,52.632,62.857,30.303,19.355,13.793,57.143
66.667,35.714,23.077,16.667,60.0,76.923,41.667,27.272999999999996,20.0,69.231,71.429,38.462,25.0,18.182000000000002,64.286
53.846000000000004,28.000000000000004,12.5,4.348,53.846000000000004,66.667,35.0,15.789,5.556,66.667,59.575,31.111,13.953,4.878,59.575
79.167,63.83,52.174,42.222,77.083,88.372,71.429,58.53699999999999,47.5,86.047,83.517,67.416,55.173,44.706,81.319
66.667,37.5,28.571,16.667,66.667,66.667,37.5,28.571,16.667,66.667,66.667,37.5,28.571,16.667,66.667
72.0,41.667,21.739,13.636000000000001,72.0,58.065,33.333,17.241,10.714,58.065,64.286,37.037,19.23,12.0,64.286
50.0,28.000000000000004,16.667,4.348,50.0,46.428999999999995,25.926,15.384999999999998,4.0,46.428999999999995,48.148,26.923000000000002,16.0,4.167,48.148
53.571000000000005,3.7039999999999997,0.0,0.0,39.286,55.556000000000004,3.846,0.0,0.0,40.741,54.545,3.7740000000000005,0.0,0.0,40.0
73.913,50.0,33.333,15.0,69.565,85.0,57.894999999999996,38.889,17.647,80.0,79.07,53.659,35.897,16.216,74.41799999999999
53.125,12.903,6.666999999999999,3.4479999999999995,43.75,47.221999999999994,11.429,5.882,3.0300000000000002,38.889,50.0,12.121,6.25,3.2259999999999995,41.177
22.222,12.5,0.0,0.0,22.222,33.333,20.0,0.0,0.0,33.333,26.666,15.384999999999998,0.0,0.0,26.666
87.5,57.143,33.333,20.0,87.5,77.778,50.0,28.571,16.667,77.778,82.353,53.333,30.769000000000002,18.182000000000002,82.353
90.90899999999999,70.0,55.556000000000004,50.0,90.90899999999999,83.333,63.636,50.0,44.444,83.333,86.956,66.666,52.632,47.059,86.956
69.565,31.818,19.048000000000002,5.0,60.870000000000005,69.565,31.818,19.048000000000002,5.0,60.870000000000005,69.565,31.818,19.048000000000002,5.0,60.870000000000005
33.333,9.091000000000001,0.0,0.0,33.333,25.0,6.666999999999999,0.0,0.0,25.0,28.571,7.693,0.0,0.0,28.571
85.0,63.158,44.444,29.412,80.0,80.952,60.0,42.105,27.778000000000002,76.19,82.92699999999999,61.539,43.242999999999995,28.571999999999996,78.049
75.0,40.0,21.429000000000002,7.692,62.5,70.588,37.5,20.0,7.142999999999999,58.824,72.727,38.71,20.69,7.407,60.606
65.217,40.909,33.333,25.0,60.870000000000005,62.5,39.129999999999995,31.818,23.810000000000002,58.333,63.83,40.0,32.558,24.39,59.575
60.714,29.630000000000003,15.384999999999998,8.0,50.0,56.667,27.586,14.285999999999998,7.407,46.666999999999994,58.621,28.571,14.815000000000001,7.692,48.276
68.42099999999999,33.333,23.529,12.5,63.158,59.09100000000001,28.571,20.0,10.526,54.545,63.415,30.769000000000002,21.621000000000002,11.428,58.536
61.702,34.782999999999994,24.444,18.182000000000002,55.318999999999996,64.444,36.364000000000004,25.581,19.048000000000002,57.778,63.043000000000006,35.556,25.0,18.605,56.52199999999999
79.412,30.303,9.375,3.2259999999999995,61.765,75.0,28.571,8.824,3.0300000000000002,58.333,77.143,29.412,9.091000000000001,3.125,60.0
64.706,37.5,20.0,14.285999999999998,58.824,61.111000000000004,35.294,18.75,13.333,55.556000000000004,62.857,36.364000000000004,19.355,13.793,57.143
53.571000000000005,18.519,7.692,4.0,53.571000000000005,46.875,16.128999999999998,6.666999999999999,3.4479999999999995,46.875,50.0,17.241999999999997,7.142999999999999,3.7039999999999997,50.0
100.0,100.0,100.0,0.0,100.0,100.0,100.0,100.0,0.0,100.0,100.0,100.0,100.0,0.0,100.0
50.0,0.0,0.0,0.0,50.0,66.667,0.0,0.0,0.0,66.667,57.143,0.0,0.0,0.0,57.143
66.667,41.176,25.0,13.333,61.111000000000004,63.158,38.889,23.529,12.5,57.894999999999996,64.865,40.0,24.242,12.903,59.46
68.75,38.71,23.333000000000002,13.793,62.5,59.458999999999996,33.333,20.0,11.765,54.054,63.768,35.821,21.538,12.699,57.971
41.176,12.5,6.666999999999999,0.0,35.294,58.333,18.182000000000002,10.0,0.0,50.0,48.275,14.815000000000001,8.0,0.0,41.379
83.333,80.0,75.0,66.667,83.333,83.333,80.0,75.0,66.667,83.333,83.333,80.0,75.0,66.667,83.333
38.889,11.765,0.0,0.0,33.333,50.0,15.384999999999998,0.0,0.0,42.857,43.75,13.333999999999998,0.0,0.0,37.5
80.0,52.632,27.778000000000002,11.765,65.0,80.0,52.632,27.778000000000002,11.765,65.0,80.0,52.632,27.778000000000002,11.765,65.0
22.222,0.0,0.0,0.0,22.222,25.0,0.0,0.0,0.0,25.0,23.529,0.0,0.0,0.0,23.529
40.0,11.111,0.0,0.0,40.0,40.0,11.111,0.0,0.0,40.0,40.0,11.111,0.0,0.0,40.0
60.0,25.0,0.0,0.0,60.0,60.0,25.0,0.0,0.0,60.0,60.0,25.0,0.0,0.0,60.0
45.455,10.0,0.0,0.0,45.455,45.455,10.0,0.0,0.0,45.455,45.455,10.0,0.0,0.0,45.455
68.0,37.5,13.043,9.091000000000001,68.0,65.385,36.0,12.5,8.696,65.385,66.667,36.735,12.766,8.889,66.667
50.0,22.222,0.0,0.0,50.0,71.429,33.333,0.0,0.0,71.429,58.824,26.666,0.0,0.0,58.824
65.217,50.0,38.095,25.0,65.217,78.947,61.111000000000004,47.059,31.25,78.947,71.428,55.00000000000001,42.105,27.778000000000002,71.428
50.0,14.285999999999998,0.0,0.0,50.0,66.667,20.0,0.0,0.0,66.667,57.143,16.667,0.0,0.0,57.143
75.0,28.571,0.0,0.0,75.0,60.0,22.222,0.0,0.0,60.0,66.667,25.0,0.0,0.0,66.667
48.387,23.333000000000002,10.345,3.5709999999999997,45.161,46.875,22.581,10.0,3.4479999999999995,43.75,47.619,22.951,10.17,3.508,44.444
75.0,44.444,34.615,28.000000000000004,67.857,72.414,42.857,33.333,26.923000000000002,65.517,73.68400000000001,43.636,33.961999999999996,27.450999999999997,66.666
69.697,37.5,12.903,3.3329999999999997,66.667,65.714,35.294,12.121,3.125,62.857,67.647,36.364000000000004,12.5,3.2259999999999995,64.706
73.077,56.00000000000001,41.667,26.087,73.077,79.167,60.870000000000005,45.455,28.571,79.167,76.0,58.333999999999996,43.479,27.272999999999996,76.0
69.44399999999999,45.714,26.471,9.091000000000001,58.333,64.103,42.105,24.324,8.333,53.846000000000004,66.667,43.835,25.352000000000004,8.696,56.00000000000001
88.889,62.5,28.571,0.0,88.889,88.889,62.5,28.571,0.0,88.889,88.889,62.5,28.571,0.0,88.889
50.0,38.462,33.333,27.272999999999996,50.0,50.0,38.462,33.333,27.272999999999996,50.0,50.0,38.462,33.333,27.272999999999996,50.0
82.609,45.455,23.810000000000002,15.0,78.261,61.29,33.333,17.241,10.714,58.065,70.37,38.461,20.0,12.5,66.667
51.613,33.333,24.138,14.285999999999998,51.613,59.25899999999999,38.462,28.000000000000004,16.667,59.25899999999999,55.172,35.714,25.926,15.384999999999998,55.172
87.5,42.857,16.667,0.0,62.5,77.778,37.5,14.285999999999998,0.0,55.556000000000004,82.353,40.0,15.384999999999998,0.0,58.824
66.667,30.0,5.263,0.0,61.905,53.846000000000004,24.0,4.167,0.0,50.0,59.575,26.667,4.651000000000001,0.0,55.318999999999996
56.410000000000004,28.947,18.919,13.889000000000001,43.59,62.857,32.353,21.212,15.625,48.571,59.458999999999996,30.555,20.0,14.706,45.946
100.0,100.0,100.0,0.0,100.0,100.0,100.0,100.0,0.0,100.0,100.0,100.0,100.0,0.0,100.0
39.286,7.407,0.0,0.0,25.0,39.286,7.407,0.0,0.0,25.0,39.286,7.407,0.0,0.0,25.0
38.462,8.333,0.0,0.0,38.462,45.455,10.0,0.0,0.0,45.455,41.667,9.091000000000001,0.0,0.0,41.667
55.556000000000004,37.5,14.285999999999998,0.0,55.556000000000004,41.667,27.272999999999996,10.0,0.0,41.667,47.619,31.579,11.765,0.0,47.619
20.0,0.0,0.0,0.0,20.0,25.0,0.0,0.0,0.0,25.0,22.222,0.0,0.0,0.0,22.222
60.465,26.19,9.756,5.0,39.535,61.905,26.828999999999997,10.0,5.128,40.476,61.17700000000001,26.506,9.876,5.063,40.0
33.333,10.0,5.263,0.0,33.333,46.666999999999994,14.285999999999998,7.692,0.0,46.666999999999994,38.889,11.765,6.25,0.0,38.889
50.0,0.0,0.0,0.0,50.0,33.333,0.0,0.0,0.0,33.333,40.0,0.0,0.0,0.0,40.0
50.0,18.182000000000002,0.0,0.0,50.0,75.0,28.571,0.0,0.0,75.0,60.0,22.222,0.0,0.0,60.0
76.923,66.667,54.545,40.0,76.923,83.333,72.727,60.0,44.444,83.333,80.0,69.565,57.143,42.105,80.0
58.621,50.0,44.444,38.462,55.172,73.913,63.636,57.143,50.0,69.565,65.385,56.00000000000001,50.0,43.479,61.538000000000004
54.545,10.0,0.0,0.0,45.455,54.545,10.0,0.0,0.0,45.455,54.545,10.0,0.0,0.0,45.455
30.0,0.0,0.0,0.0,30.0,33.333,0.0,0.0,0.0,33.333,31.579,0.0,0.0,0.0,31.579
45.455,0.0,0.0,0.0,27.272999999999996,50.0,0.0,0.0,0.0,30.0,47.619,0.0,0.0,0.0,28.571999999999996
65.217,36.364000000000004,23.810000000000002,15.0,60.870000000000005,62.5,34.782999999999994,22.727,14.285999999999998,58.333,63.83,35.556,23.256,14.634,59.575
36.364000000000004,10.0,0.0,0.0,36.364000000000004,44.444,12.5,0.0,0.0,44.444,40.0,11.111,0.0,0.0,40.0
73.333,44.828,28.571,14.815000000000001,66.667,68.75,41.935,26.667,13.793,62.5,70.968,43.333,27.586,14.285999999999998,64.51599999999999
72.727,60.0,44.444,25.0,72.727,88.889,75.0,57.143,33.333,88.889,80.0,66.667,50.0,28.571,80.0
73.913,36.364000000000004,23.810000000000002,20.0,47.826,70.833,34.782999999999994,22.727,19.048000000000002,45.833,72.34,35.556,23.256,19.512,46.808
66.667,0.0,0.0,0.0,66.667,66.667,0.0,0.0,0.0,66.667,66.667,0.0,0.0,0.0,66.667
50.0,15.384999999999998,8.333,0.0,42.857,58.333,18.182000000000002,10.0,0.0,50.0,53.846000000000004,16.667,9.091000000000001,0.0,46.154
42.857,16.667,0.0,0.0,42.857,50.0,20.0,0.0,0.0,50.0,46.154,18.182000000000002,0.0,0.0,46.154
75.0,63.158,55.556000000000004,47.059,75.0,68.182,57.143,50.0,42.105,68.182,71.429,60.0,52.632,44.444,71.429
53.846000000000004,31.373,20.0,14.285999999999998,50.0,73.68400000000001,43.242999999999995,27.778000000000002,20.0,68.42099999999999,62.222,36.364000000000004,23.256,16.667,57.778
60.714,40.741,26.923000000000002,16.0,60.714,65.385,44.0,29.166999999999998,17.391000000000002,65.385,62.963,42.308,28.000000000000004,16.667,62.963
68.42099999999999,11.111,5.882,0.0,47.368,54.167,8.696,4.545,0.0,37.5,60.465,9.756,5.128,0.0,41.86
51.515,25.0,12.903,6.666999999999999,45.455,56.667,27.586,14.285999999999998,7.407,50.0,53.968,26.229000000000003,13.559,7.018000000000001,47.619
35.294,0.0,0.0,0.0,29.412,54.545,0.0,0.0,0.0,45.455,42.857,0.0,0.0,0.0,35.715
90.0,66.667,50.0,37.838,85.0,76.596,56.52199999999999,42.222,31.818,72.34,82.759,61.17700000000001,45.783,34.568,78.161
77.273,47.619,25.0,5.263,68.182,62.963,38.462,20.0,4.167,55.556000000000004,69.388,42.553000000000004,22.222,4.651000000000001,61.224999999999994
45.455,10.0,0.0,0.0,45.455,50.0,11.111,0.0,0.0,50.0,47.619,10.526,0.0,0.0,47.619
75.0,66.667,50.0,0.0,75.0,75.0,66.667,50.0,0.0,75.0,75.0,66.667,50.0,0.0,75.0
69.44399999999999,40.0,29.412,18.182000000000002,63.888999999999996,60.976,35.0,25.641000000000002,15.789,56.098000000000006,64.935,37.333,27.397,16.901,59.741
52.381,30.0,15.789,5.556,52.381,52.381,30.0,15.789,5.556,52.381,52.381,30.0,15.789,5.556,52.381
60.0,25.0,0.0,0.0,60.0,75.0,33.333,0.0,0.0,75.0,66.667,28.571,0.0,0.0,66.667
62.068999999999996,32.143,18.519,7.692,55.172,52.941,27.272999999999996,15.625,6.451999999999999,47.059,57.143,29.508000000000003,16.949,7.018000000000001,50.794
62.5,33.333,14.285999999999998,7.692,62.5,58.824,31.25,13.333,7.142999999999999,58.824,60.606,32.257999999999996,13.793,7.407,60.606
92.857,61.538000000000004,58.333,54.545,85.714,81.25,53.333,50.0,46.154,75.0,86.667,57.142,53.846000000000004,50.0,80.0
73.68400000000001,50.0,35.294,18.75,68.42099999999999,66.667,45.0,31.579,16.667,61.905,70.0,47.368,33.333,17.647,65.0
43.75,13.333,7.142999999999999,0.0,37.5,50.0,15.384999999999998,8.333,0.0,42.857,46.666999999999994,14.285999999999998,7.692,0.0,40.0
52.941,31.25,20.0,14.285999999999998,52.941,52.941,31.25,20.0,14.285999999999998,52.941,52.941,31.25,20.0,14.285999999999998,52.941
88.889,62.5,28.571,0.0,88.889,88.889,62.5,28.571,0.0,88.889,88.889,62.5,28.571,0.0,88.889
86.667,71.429,53.846000000000004,41.667,86.667,76.471,62.5,46.666999999999994,35.714,76.471,81.25,66.667,50.0,38.462,81.25
68.42099999999999,55.556000000000004,47.059,37.5,68.42099999999999,76.471,62.5,53.333,42.857,76.471,72.222,58.824,50.0,40.0,72.222
40.0,8.333,0.0,0.0,20.0,66.667,14.285999999999998,0.0,0.0,33.333,50.0,10.526,0.0,0.0,25.0
61.538000000000004,33.333,18.182000000000002,0.0,53.846000000000004,61.538000000000004,33.333,18.182000000000002,0.0,53.846000000000004,61.538000000000004,33.333,18.182000000000002,0.0,53.846000000000004
22.222,0.0,0.0,0.0,22.222,40.0,0.0,0.0,0.0,40.0,28.571,0.0,0.0,0.0,28.571
61.538000000000004,33.333,18.182000000000002,0.0,61.538000000000004,61.538000000000004,33.333,18.182000000000002,0.0,61.538000000000004,61.538000000000004,33.333,18.182000000000002,0.0,61.538000000000004
50.0,0.0,0.0,0.0,50.0,33.333,0.0,0.0,0.0,33.333,40.0,0.0,0.0,0.0,40.0
63.636,33.333,25.0,21.053,59.09100000000001,66.667,35.0,26.316,22.222,61.905,65.116,34.146,25.641000000000002,21.622,60.465
20.0,0.0,0.0,0.0,10.0,33.333,0.0,0.0,0.0,16.667,25.0,0.0,0.0,0.0,12.5
65.625,32.257999999999996,20.0,13.793,62.5,60.0,29.412,18.182000000000002,12.5,57.143,62.687000000000005,30.769000000000002,19.048000000000002,13.114999999999998,59.702
73.68400000000001,38.889,17.647,12.5,47.368,70.0,36.842000000000006,16.667,11.765,45.0,71.795,37.838,17.143,12.121,46.154
39.129999999999995,18.182000000000002,9.524000000000001,5.0,39.129999999999995,34.615,16.0,8.333,4.348,34.615,36.734,17.021,8.889,4.651000000000001,36.734
88.889,75.0,71.429,66.667,88.889,80.0,66.667,62.5,57.143,80.0,84.211,70.588,66.667,61.539,84.211
60.0,35.714,15.384999999999998,8.333,60.0,64.286,38.462,16.667,9.091000000000001,64.286,62.068999999999996,37.037,16.0,8.696,62.068999999999996
78.571,46.154,25.0,9.091000000000001,78.571,73.333,42.857,23.077,8.333,73.333,75.862,44.444,24.0,8.696,75.862
66.667,45.455,20.0,11.111,66.667,66.667,45.455,20.0,11.111,66.667,66.667,45.455,20.0,11.111,66.667
75.0,20.0,7.142999999999999,0.0,56.25,66.667,17.647,6.25,0.0,50.0,70.588,18.75,6.666999999999999,0.0,52.941
70.588,37.5,13.333,0.0,64.706,57.143,30.0,10.526,0.0,52.381,63.158,33.333,11.764,0.0,57.894999999999996
36.364000000000004,10.0,0.0,0.0,36.364000000000004,40.0,11.111,0.0,0.0,40.0,38.095,10.526,0.0,0.0,38.095
100.0,100.0,100.0,0.0,100.0,100.0,100.0,100.0,0.0,100.0,100.0,100.0,100.0,0.0,100.0
56.667,27.586,10.714,7.407,46.666999999999994,58.621,28.571,11.111,7.692,48.276,57.626999999999995,28.07,10.909,7.547,47.458
25.0,0.0,0.0,0.0,25.0,40.0,0.0,0.0,0.0,40.0,30.769000000000002,0.0,0.0,0.0,30.769000000000002
50.0,20.0,0.0,0.0,37.5,47.059,18.75,0.0,0.0,35.294,48.485,19.355,0.0,0.0,36.364000000000004
45.455,10.0,0.0,0.0,36.364000000000004,45.455,10.0,0.0,0.0,36.364000000000004,45.455,10.0,0.0,0.0,36.364000000000004
62.5,34.782999999999994,18.182000000000002,4.7620000000000005,58.333,68.182,38.095,20.0,5.263,63.636,65.217,36.364000000000004,19.048000000000002,5.0,60.86899999999999
80.952,50.0,31.579,22.222,76.19,73.913,45.455,28.571,20.0,69.565,77.273,47.619,30.0,21.053,72.727
75.0,45.455,30.0,22.222,75.0,60.0,35.714,23.077,16.667,60.0,66.667,40.0,26.087,19.048000000000002,66.667
57.143,25.0,15.789,11.111,42.857,63.158,27.778000000000002,17.647,12.5,47.368,60.0,26.316,16.666,11.765,45.0
57.143,18.519,7.692,0.0,50.0,45.714,14.706,6.061,0.0,40.0,50.794,16.394000000000002,6.78,0.0,44.444
52.941,18.75,6.666999999999999,0.0,41.176,47.368,16.667,5.882,0.0,36.842000000000006,50.0,17.647,6.25,0.0,38.889
100.0,93.333,85.714,76.923,100.0,94.118,87.5,80.0,71.429,94.118,96.97,90.322,82.758,74.074,96.97
56.52199999999999,31.818,19.048000000000002,10.0,56.52199999999999,61.905,35.0,21.053,11.111,61.905,59.09100000000001,33.333,20.0,10.526,59.09100000000001
81.818,50.0,33.333,25.0,72.727,69.231,41.667,27.272999999999996,20.0,61.538000000000004,75.0,45.455,30.0,22.222,66.666
62.5,30.435000000000002,13.636000000000001,4.7620000000000005,50.0,65.217,31.818,14.285999999999998,5.0,52.174,63.83,31.111,13.953,4.878,51.064
75.0,71.429,66.667,60.0,75.0,85.714,83.333,80.0,75.0,85.714,80.0,76.923,72.727,66.667,80.0
66.667,0.0,0.0,0.0,66.667,66.667,0.0,0.0,0.0,66.667,66.667,0.0,0.0,0.0,66.667
64.706,50.0,33.333,21.429000000000002,64.706,84.615,66.667,45.455,30.0,84.615,73.333,57.143,38.461,25.0,73.333
64.706,50.0,40.0,28.571,64.706,73.333,57.143,46.154,33.333,73.333,68.75,53.333,42.857,30.769000000000002,68.75
65.625,35.484,26.667,20.69,62.5,61.765,33.333,25.0,19.355,58.824,63.637,34.375,25.807000000000002,20.0,60.606
64.0,25.0,8.696,4.545,44.0,55.172,21.429000000000002,7.407,3.846,37.931,59.25899999999999,23.077,8.0,4.166,40.741
65.517,25.0,11.111,7.692,58.621,52.778000000000006,20.0,8.824,6.061,47.221999999999994,58.462,22.222,9.836,6.78,52.308
60.0,25.0,0.0,0.0,60.0,60.0,25.0,0.0,0.0,60.0,60.0,25.0,0.0,0.0,60.0
65.385,28.000000000000004,12.5,8.696,53.846000000000004,65.385,28.000000000000004,12.5,8.696,53.846000000000004,65.385,28.000000000000004,12.5,8.696,53.846000000000004
82.353,56.25,46.666999999999994,42.857,76.471,82.353,56.25,46.666999999999994,42.857,76.471,82.353,56.25,46.666999999999994,42.857,76.471
80.0,42.857,15.384999999999998,0.0,53.333,85.714,46.154,16.667,0.0,57.143,82.758,44.444,16.0,0.0,55.172
75.0,46.154,23.684,5.405,67.5,68.182,41.86,21.429000000000002,4.878,61.364,71.429,43.902,22.5,5.128,64.286
50.0,21.053,5.556,0.0,50.0,58.824,25.0,6.666999999999999,0.0,58.824,54.054,22.857,6.061,0.0,54.054
57.692,28.000000000000004,12.5,4.348,53.846000000000004,51.724000000000004,25.0,11.111,3.846,48.276,54.545,26.415,11.765,4.082,50.909000000000006
56.757000000000005,22.222,11.429,5.882,40.541,55.263,21.622,11.111,5.714,39.474,56.00000000000001,21.918000000000003,11.268,5.797,40.0
70.0,34.483000000000004,25.0,18.519,60.0,70.0,34.483000000000004,25.0,18.519,60.0,70.0,34.483000000000004,25.0,18.519,60.0
0.0,0.0,0.0,0.0,0.0,0.0,0.0,0.0,0.0,0.0,0.0,0.0,0.0,0.0,0.0
47.619,20.0,10.526,5.556,38.095,52.632,22.222,11.765,6.25,42.105,50.0,21.053,11.111,5.883,40.0
9.091000000000001,0.0,0.0,0.0,9.091000000000001,11.111,0.0,0.0,0.0,11.111,10.0,0.0,0.0,0.0,10.0
65.714,35.294,27.272999999999996,18.75,60.0,48.936,26.087,20.0,13.636000000000001,44.681,56.096999999999994,30.0,23.077,15.789,51.22
76.19,40.0,21.053,11.111,71.429,76.19,40.0,21.053,11.111,71.429,76.19,40.0,21.053,11.111,71.429
72.222,64.706,50.0,33.333,72.222,92.857,84.615,66.667,45.455,92.857,81.25,73.333,57.143,38.461,81.25
81.25,46.666999999999994,21.429000000000002,7.692,68.75,86.667,50.0,23.077,8.333,73.333,83.871,48.276,22.222,8.0,70.968
47.619,15.0,5.263,0.0,38.095,58.824,18.75,6.666999999999999,0.0,47.059,52.632,16.667,5.882,0.0,42.105
69.565,54.545,42.857,30.0,69.565,72.727,57.143,45.0,31.579,72.727,71.111,55.814,43.902,30.769000000000002,71.111
43.181999999999995,13.953,7.142999999999999,4.878,43.181999999999995,44.186,14.285999999999998,7.317,5.0,44.186,43.678,14.118,7.228999999999999,4.938,43.678
100.0,100.0,100.0,100.0,100.0,100.0,100.0,100.0,100.0,100.0,100.0,100.0,100.0,100.0,100.0
71.111,40.909,25.581,14.285999999999998,64.444,53.333,30.508000000000003,18.966,10.526,48.333,60.952,34.951,21.782,12.121,55.238
80.55600000000001,51.429,32.353,21.212,77.778,78.378,50.0,31.429000000000002,20.588,75.676,79.452,50.70400000000001,31.884,20.895,76.713
42.857,16.667,0.0,0.0,42.857,30.0,11.111,0.0,0.0,30.0,35.294,13.333,0.0,0.0,35.294
62.5,43.478,31.818,23.810000000000002,62.5,68.182,47.619,35.0,26.316,68.182,65.217,45.454,33.333,25.0,65.217
75.0,42.857,16.667,0.0,75.0,66.667,37.5,14.285999999999998,0.0,66.667,70.588,40.0,15.384999999999998,0.0,70.588
56.25,26.667,21.429000000000002,15.384999999999998,50.0,56.25,26.667,21.429000000000002,15.384999999999998,50.0,56.25,26.667,21.429000000000002,15.384999999999998,50.0
63.636,50.0,33.333,12.5,63.636,70.0,55.556000000000004,37.5,14.285999999999998,70.0,66.666,52.632,35.294,13.333,66.666
63.158,33.333,11.765,0.0,57.894999999999996,63.158,33.333,11.765,0.0,57.894999999999996,63.158,33.333,11.765,0.0,57.894999999999996
66.667,35.714,15.384999999999998,8.333,66.667,71.429,38.462,16.667,9.091000000000001,71.429,68.96600000000001,37.037,16.0,8.696,68.96600000000001
92.857,84.615,83.333,81.818,92.857,92.857,84.615,83.333,81.818,92.857,92.857,84.615,83.333,81.818,92.857
80.0,44.444,25.0,14.285999999999998,80.0,88.889,50.0,28.571,16.667,88.889,84.211,47.059,26.666,15.384999999999998,84.211
68.75,33.333,14.285999999999998,7.692,56.25,61.111000000000004,29.412,12.5,6.666999999999999,50.0,64.706,31.25,13.333,7.142999999999999,52.941
52.941,30.303,15.625,6.451999999999999,52.941,64.286,37.037,19.231,8.0,64.286,58.065,33.333,17.241,7.142999999999999,58.065
61.765,27.272999999999996,12.5,9.677,50.0,70.0,31.034,14.285999999999998,11.111,56.667,65.625,29.032000000000004,13.333,10.345,53.125
70.27,50.0,37.143,29.412,67.568,83.871,60.0,44.828,35.714,80.645,76.47,54.545,40.625,32.257999999999996,73.53
59.648999999999994,28.571,14.545,5.556,54.386,65.385,31.373,16.0,6.122,59.614999999999995,62.385000000000005,29.907,15.238,5.825,56.881
79.412,60.606,50.0,45.161,76.471,81.818,62.5,51.613,46.666999999999994,78.788,80.597,61.538000000000004,50.794,45.902,77.61200000000001
57.894999999999996,38.889,17.647,6.25,57.894999999999996,78.571,53.846000000000004,25.0,9.091000000000001,78.571,66.667,45.161,20.69,7.407,66.667
64.286,46.154,33.333,27.272999999999996,64.286,69.231,50.0,36.364000000000004,30.0,69.231,66.667,48.0,34.782999999999994,28.571999999999996,66.667
66.667,20.0,0.0,0.0,50.0,66.667,20.0,0.0,0.0,50.0,66.667,20.0,0.0,0.0,50.0
50.0,21.053,5.556,0.0,50.0,52.632,22.222,5.882,0.0,52.632,51.282000000000004,21.622,5.714,0.0,51.282000000000004
70.833,52.174,45.455,38.095,70.833,70.833,52.174,45.455,38.095,70.833,70.833,52.174,45.455,38.095,70.833
100.0,100.0,100.0,100.0,100.0,100.0,100.0,100.0,100.0,100.0,100.0,100.0,100.0,100.0,100.0
76.471,43.75,20.0,14.285999999999998,64.706,61.905,35.0,15.789,11.111,52.381,68.42099999999999,38.889,17.647,12.5,57.894999999999996
50.0,33.333,25.0,14.285999999999998,50.0,50.0,33.333,25.0,14.285999999999998,50.0,50.0,33.333,25.0,14.285999999999998,50.0
55.263,32.432,19.444,14.285999999999998,50.0,47.727000000000004,27.907,16.667,12.195,43.181999999999995,51.219,30.0,17.949,13.158,46.342
71.429,40.0,21.053,5.556,66.667,78.947,44.444,23.529,6.25,73.68400000000001,75.0,42.105,22.222,5.883,70.0
28.571,0.0,0.0,0.0,28.571,14.285999999999998,0.0,0.0,0.0,14.285999999999998,19.048000000000002,0.0,0.0,0.0,19.048000000000002
50.0,17.647,6.25,0.0,44.444,45.0,15.789,5.556,0.0,40.0,47.368,16.666,5.883,0.0,42.105
66.667,34.782999999999994,18.182000000000002,9.524000000000001,50.0,69.565,36.364000000000004,19.048000000000002,10.0,52.174,68.085,35.556,18.605,9.756,51.064
81.818,70.0,55.556000000000004,50.0,81.818,81.818,70.0,55.556000000000004,50.0,81.818,81.818,70.0,55.556000000000004,50.0,81.818
42.553000000000004,15.217,6.666999999999999,2.273,29.787000000000003,51.282000000000004,18.421000000000003,8.108,2.778,35.897,46.511,16.666,7.317,2.5,32.558
78.261,22.727,4.7620000000000005,0.0,47.826,78.261,22.727,4.7620000000000005,0.0,47.826,78.261,22.727,4.7620000000000005,0.0,47.826
62.5,20.0,7.142999999999999,0.0,56.25,66.667,21.429000000000002,7.692,0.0,60.0,64.51599999999999,20.69,7.407,0.0,58.065
53.846000000000004,24.0,8.333,4.348,42.308,58.333,26.087,9.091000000000001,4.7620000000000005,45.833,56.00000000000001,25.0,8.696,4.546,44.0
50.0,20.0,0.0,0.0,50.0,50.0,20.0,0.0,0.0,50.0,50.0,20.0,0.0,0.0,50.0
75.0,45.455,20.0,0.0,75.0,64.286,38.462,16.667,0.0,64.286,69.231,41.667,18.182000000000002,0.0,69.231
62.5,39.129999999999995,27.272999999999996,19.048000000000002,62.5,65.217,40.909,28.571,20.0,65.217,63.83,40.0,27.907,19.512,63.83
64.286,48.148,30.769000000000002,20.0,42.857,69.231,52.0,33.333,21.739,46.154,66.667,50.0,32.0,20.833,44.444
71.053,43.242999999999995,27.778000000000002,17.143,63.158,61.364,37.208999999999996,23.810000000000002,14.634,54.545,65.854,40.0,25.641000000000002,15.789,58.536
52.5,20.513,7.8950000000000005,2.703,42.5,58.333,22.857,8.824,3.0300000000000002,47.221999999999994,55.263,21.622,8.334,2.857,44.737
62.5,46.666999999999994,14.285999999999998,7.692,25.0,62.5,46.666999999999994,14.285999999999998,7.692,25.0,62.5,46.666999999999994,14.285999999999998,7.692,25.0
72.727,42.857,20.0,5.263,68.182,66.667,39.129999999999995,18.182000000000002,4.7620000000000005,62.5,69.565,40.909,19.048000000000002,5.0,65.217
33.333,0.0,0.0,0.0,33.333,33.333,0.0,0.0,0.0,33.333,33.333,0.0,0.0,0.0,33.333
70.0,63.158,55.556000000000004,52.941,70.0,73.68400000000001,66.667,58.824,56.25,73.68400000000001,71.795,64.865,57.143,54.545,71.795
50.0,20.69,0.0,0.0,23.333000000000002,57.692,24.0,0.0,0.0,26.923000000000002,53.571000000000005,22.222,0.0,0.0,25.0
63.636,42.857,20.0,10.526,63.636,51.852,34.615,16.0,8.333,51.852,57.143,38.298,17.778,9.302000000000001,57.143
75.0,57.143,50.0,40.0,75.0,75.0,57.143,50.0,40.0,75.0,75.0,57.143,50.0,40.0,75.0
36.364000000000004,10.0,0.0,0.0,36.364000000000004,40.0,11.111,0.0,0.0,40.0,38.095,10.526,0.0,0.0,38.095
73.68400000000001,54.054,41.667,34.286,68.42099999999999,73.68400000000001,54.054,41.667,34.286,68.42099999999999,73.68400000000001,54.054,41.667,34.286,68.42099999999999
63.158,44.444,29.412,12.5,42.105,70.588,50.0,33.333,14.285999999999998,47.059,66.667,47.059,31.25,13.333,44.444
60.714,29.630000000000003,15.384999999999998,8.0,50.0,62.963,30.769000000000002,16.0,8.333,51.852,61.818,30.189,15.686,8.163,50.909000000000006
65.217,40.909,28.571,20.0,60.870000000000005,55.556000000000004,34.615,24.0,16.667,51.852,60.0,37.5,26.087,18.182000000000002,56.00000000000001
63.636,30.0,0.0,0.0,63.636,53.846000000000004,25.0,0.0,0.0,53.846000000000004,58.333,27.272999999999996,0.0,0.0,58.333
50.0,15.384999999999998,8.333,0.0,28.571,70.0,22.222,12.5,0.0,40.0,58.333,18.182000000000002,10.0,0.0,33.333
61.111000000000004,47.059,37.5,26.667,61.111000000000004,78.571,61.538000000000004,50.0,36.364000000000004,78.571,68.75,53.333,42.857,30.769999999999996,68.75
93.333,85.714,84.615,83.333,93.333,100.0,92.308,91.667,90.90899999999999,100.0,96.552,88.889,88.0,86.956,96.552
60.0,35.714,15.384999999999998,8.333,60.0,56.25,33.333,14.285999999999998,7.692,56.25,58.065,34.482,14.815000000000001,8.0,58.065
53.125,16.128999999999998,6.666999999999999,0.0,37.5,60.714,18.519,7.692,0.0,42.857,56.667,17.241999999999997,7.142999999999999,0.0,40.0
100.0,100.0,100.0,0.0,100.0,100.0,100.0,100.0,0.0,100.0,100.0,100.0,100.0,0.0,100.0
48.387,23.333000000000002,6.897,0.0,48.387,57.692,28.000000000000004,8.333,0.0,57.692,52.63099999999999,25.454,7.547,0.0,52.63099999999999
55.556000000000004,12.5,0.0,0.0,44.444,55.556000000000004,12.5,0.0,0.0,44.444,55.556000000000004,12.5,0.0,0.0,44.444
54.167,17.391000000000002,4.545,0.0,37.5,50.0,16.0,4.167,0.0,34.615,52.0,16.667,4.348,0.0,36.0
66.667,50.0,30.769000000000002,8.333,66.667,58.824,43.75,26.667,7.142999999999999,58.824,62.5,46.666999999999994,28.571999999999996,7.692,62.5
38.462,12.0,4.167,0.0,30.769000000000002,52.632,16.667,5.882,0.0,42.105,44.445,13.954,4.878,0.0,35.555
33.333,0.0,0.0,0.0,22.222,23.077,0.0,0.0,0.0,15.384999999999998,27.272999999999996,0.0,0.0,0.0,18.182000000000002
64.0,29.166999999999998,8.696,4.545,56.00000000000001,51.613,23.333000000000002,6.897,3.5709999999999997,45.161,57.143,25.926,7.693,4.0,50.0
71.429,33.333,20.0,0.0,71.429,50.0,22.222,12.5,0.0,50.0,58.824,26.666,15.384999999999998,0.0,58.824
60.0,28.571,0.0,0.0,60.0,47.368,22.222,0.0,0.0,47.368,52.941,25.0,0.0,0.0,52.941
81.818,56.25,38.71,23.333000000000002,78.788,79.412,54.545,37.5,22.581,76.471,80.597,55.384,38.095,22.951,77.61200000000001
66.667,0.0,0.0,0.0,66.667,66.667,0.0,0.0,0.0,66.667,66.667,0.0,0.0,0.0,66.667
48.0,12.5,0.0,0.0,40.0,44.444,11.538,0.0,0.0,37.037,46.154,12.0,0.0,0.0,38.462
41.935,16.667,6.897,3.5709999999999997,35.484,50.0,20.0,8.333,4.348,42.308,45.614,18.182000000000002,7.547,3.9210000000000003,38.597
61.111000000000004,35.294,25.0,13.333,33.333,57.894999999999996,33.333,23.529,12.5,31.579,59.46,34.285,24.242,12.903,32.432
72.0,54.167,43.478,31.818,68.0,66.667,50.0,40.0,29.166999999999998,62.963,69.231,52.0,41.667,30.435000000000002,65.385
76.923,58.333,45.455,30.0,76.923,83.333,63.636,50.0,33.333,83.333,80.0,60.86899999999999,47.619,31.579,80.0
68.75,20.0,0.0,0.0,62.5,64.706,18.75,0.0,0.0,58.824,66.667,19.355,0.0,0.0,60.606
61.538000000000004,25.0,0.0,0.0,46.154,61.538000000000004,25.0,0.0,0.0,46.154,61.538000000000004,25.0,0.0,0.0,46.154
40.0,20.833,13.043,4.545,40.0,47.619,25.0,15.789,5.556,47.619,43.478,22.727,14.285,5.0,43.478
73.333,57.143,46.154,33.333,73.333,78.571,61.538000000000004,50.0,36.364000000000004,78.571,75.862,59.25899999999999,48.0,34.782999999999994,75.862
54.167,21.739,4.545,0.0,54.167,44.828,17.857,3.7039999999999997,0.0,44.828,49.057,19.608,4.082,0.0,49.057
58.621,25.0,7.407,3.846,51.724000000000004,53.125,22.581,6.666999999999999,3.4479999999999995,46.875,55.738,23.729,7.018000000000001,3.636,49.18
36.364000000000004,20.0,11.111,0.0,36.364000000000004,36.364000000000004,20.0,11.111,0.0,36.364000000000004,36.364000000000004,20.0,11.111,0.0,36.364000000000004
50.0,33.333,25.0,14.285999999999998,50.0,55.556000000000004,37.5,28.571,16.667,55.556000000000004,52.632,35.294,26.666,15.384999999999998,52.632
84.0,54.167,34.782999999999994,18.182000000000002,64.0,75.0,48.148,30.769000000000002,16.0,57.143,79.245,50.980000000000004,32.653,17.021,60.377
42.857,0.0,0.0,0.0,28.571,30.0,0.0,0.0,0.0,20.0,35.294,0.0,0.0,0.0,23.529
56.410000000000004,18.421000000000003,2.703,0.0,51.282000000000004,59.458999999999996,19.444,2.857,0.0,54.054,57.894,18.919,2.778,0.0,52.632
55.556000000000004,26.923000000000002,12.0,0.0,44.444,57.692,28.000000000000004,12.5,0.0,46.154,56.604,27.450999999999997,12.245000000000001,0.0,45.283
72.34,47.826,33.333,25.0,63.83,72.34,47.826,33.333,25.0,63.83,72.34,47.826,33.333,25.0,63.83
50.0,14.285999999999998,0.0,0.0,37.5,57.143,16.667,0.0,0.0,42.857,53.333,15.384999999999998,0.0,0.0,40.0
80.0,0.0,0.0,0.0,40.0,66.667,0.0,0.0,0.0,33.333,72.727,0.0,0.0,0.0,36.363
68.0,37.5,17.391000000000002,4.545,56.00000000000001,65.385,36.0,16.667,4.348,53.846000000000004,66.667,36.735,17.021,4.444,54.901999999999994
75.0,66.667,50.0,0.0,75.0,60.0,50.0,33.333,0.0,60.0,66.667,57.143,40.0,0.0,66.667
56.25,26.667,21.429000000000002,15.384999999999998,50.0,40.909,19.048000000000002,15.0,10.526,36.364000000000004,47.368,22.223000000000003,17.647,12.5,42.106
66.667,45.0,26.316,11.111,66.667,77.778,52.941,31.25,13.333,77.778,71.795,48.649,28.571999999999996,12.121,71.795
75.0,53.333,42.857,38.462,75.0,80.0,57.143,46.154,41.667,80.0,77.41900000000001,55.172,44.444,40.0,77.41900000000001
41.667,13.043,4.545,0.0,33.333,52.632,16.667,5.882,0.0,42.105,46.512,14.634,5.128,0.0,37.208999999999996
42.857,11.111,0.0,0.0,35.714,57.143,15.0,0.0,0.0,47.619,48.980000000000004,12.766,0.0,0.0,40.816
47.368,44.444,41.176,37.5,47.368,69.231,66.667,63.636,60.0,69.231,56.25,53.333,50.0,46.154,56.25
66.667,43.478,27.272999999999996,23.810000000000002,54.167,55.172,35.714,22.222,19.231,44.828,60.377,39.215,24.490000000000002,21.276999999999997,49.057
50.876999999999995,28.571,21.818,18.519,50.876999999999995,54.717000000000006,30.769000000000002,23.529,20.0,54.717000000000006,52.727000000000004,29.629,22.641,19.231,52.727000000000004
90.90899999999999,70.0,55.556000000000004,50.0,90.90899999999999,83.333,63.636,50.0,44.444,83.333,86.956,66.666,52.632,47.059,86.956
52.632,11.111,0.0,0.0,36.842000000000006,45.455,9.524000000000001,0.0,0.0,31.818,48.781,10.256,0.0,0.0,34.146
85.714,66.667,40.0,0.0,85.714,60.0,44.444,25.0,0.0,60.0,70.588,53.333,30.769000000000002,0.0,70.588
81.25,53.333,42.857,30.769000000000002,75.0,86.667,57.143,46.154,33.333,80.0,83.871,55.172,44.444,32.0,77.41900000000001
64.286,23.077,8.333,0.0,50.0,64.286,23.077,8.333,0.0,50.0,64.286,23.077,8.333,0.0,50.0
62.5,39.129999999999995,27.272999999999996,19.048000000000002,45.833,55.556000000000004,34.615,24.0,16.667,40.741,58.824,36.734,25.532,17.778,43.137
88.889,75.0,57.143,33.333,88.889,88.889,75.0,57.143,33.333,88.889,88.889,75.0,57.143,33.333,88.889
59.25899999999999,38.462,28.000000000000004,16.667,48.148,55.172,35.714,25.926,15.384999999999998,44.828,57.143,37.037,26.923000000000002,16.0,46.428999999999995
37.5,8.696,0.0,0.0,33.333,52.941,12.5,0.0,0.0,47.059,43.902,10.257,0.0,0.0,39.024
83.333,20.0,0.0,0.0,66.667,62.5,14.285999999999998,0.0,0.0,50.0,71.428,16.667,0.0,0.0,57.143
78.571,48.148,34.615,20.0,71.429,70.968,43.333,31.034,17.857,64.51599999999999,74.576,45.614,32.727000000000004,18.868,67.797
60.0,42.105,27.778000000000002,17.647,60.0,60.0,42.105,27.778000000000002,17.647,60.0,60.0,42.105,27.778000000000002,17.647,60.0
41.463,2.5,0.0,0.0,31.707,29.310000000000002,1.754,0.0,0.0,22.414,34.343,2.062,0.0,0.0,26.262999999999998
56.25,6.666999999999999,0.0,0.0,37.5,47.368,5.556,0.0,0.0,31.579,51.428,6.061,0.0,0.0,34.286
54.545,31.25,22.581,16.667,36.364000000000004,75.0,43.478,31.818,23.810000000000002,50.0,63.158,36.364000000000004,26.415,19.608,42.106
66.667,40.0,25.0,0.0,66.667,57.143,33.333,20.0,0.0,57.143,61.539,36.363,22.222,0.0,61.539
63.636,37.5,19.355,10.0,57.57600000000001,61.765,36.364000000000004,18.75,9.677,55.882,62.687000000000005,36.923,19.048000000000002,9.836,56.716
57.143,33.333,0.0,0.0,57.143,44.444,25.0,0.0,0.0,44.444,50.0,28.571,0.0,0.0,50.0
51.613,30.0,10.345,3.5709999999999997,51.613,51.613,30.0,10.345,3.5709999999999997,51.613,51.613,30.0,10.345,3.5709999999999997,51.613
37.5,14.285999999999998,0.0,0.0,37.5,42.857,16.667,0.0,0.0,42.857,40.0,15.384999999999998,0.0,0.0,40.0
63.158,33.333,23.529,12.5,52.632,75.0,40.0,28.571,15.384999999999998,62.5,68.571,36.363,25.806,13.793,57.143
27.272999999999996,0.0,0.0,0.0,22.727,28.571,0.0,0.0,0.0,23.810000000000002,27.907,0.0,0.0,0.0,23.256
38.462,8.333,0.0,0.0,38.462,41.667,9.091000000000001,0.0,0.0,41.667,40.0,8.696,0.0,0.0,40.0
57.692,20.0,4.167,0.0,42.308,68.182,23.810000000000002,5.0,0.0,50.0,62.5,21.739,4.546,0.0,45.834
70.588,25.0,13.333,0.0,47.059,75.0,26.667,14.285999999999998,0.0,50.0,72.727,25.807000000000002,13.793,0.0,48.485
52.174,31.818,23.810000000000002,20.0,43.478,54.545,33.333,25.0,21.053,45.455,53.333,32.558,24.39,20.513,44.445
75.0,33.333,0.0,0.0,75.0,75.0,33.333,0.0,0.0,75.0,75.0,33.333,0.0,0.0,75.0
58.824,18.182000000000002,3.125,0.0,44.118,60.606,18.75,3.2259999999999995,0.0,45.455,59.702,18.462,3.175,0.0,44.777
72.0,50.0,30.435000000000002,13.636000000000001,72.0,85.714,60.0,36.842000000000006,16.667,85.714,78.261,54.545,33.333,15.0,78.261
75.0,51.852,38.462,32.0,71.429,70.0,48.276,35.714,29.630000000000003,66.667,72.414,50.0,37.037,30.769000000000002,68.96600000000001
80.952,40.0,5.263,0.0,66.667,53.125,25.806,3.3329999999999997,0.0,43.75,64.151,31.372,4.0809999999999995,0.0,52.83
56.25,20.0,7.142999999999999,0.0,50.0,64.286,23.077,8.333,0.0,57.143,60.0,21.429000000000002,7.692,0.0,53.333
45.455,10.0,0.0,0.0,36.364000000000004,35.714,7.692,0.0,0.0,28.571,40.0,8.695,0.0,0.0,32.0
34.782999999999994,11.111,0.0,0.0,30.435000000000002,41.026,13.158,0.0,0.0,35.897,37.647000000000006,12.048,0.0,0.0,32.940999999999995
51.613,23.333000000000002,13.793,7.142999999999999,45.161,53.333,24.138,14.285999999999998,7.407,46.666999999999994,52.459,23.729,14.035,7.273000000000001,45.902
47.619,10.0,0.0,0.0,42.857,45.455,9.524000000000001,0.0,0.0,40.909,46.512,9.756,0.0,0.0,41.86
66.667,50.0,0.0,0.0,66.667,66.667,50.0,0.0,0.0,66.667,66.667,50.0,0.0,0.0,66.667
70.0,51.282000000000004,42.105,32.432,70.0,80.0,58.824,48.485,37.5,80.0,74.667,54.795,45.07,34.782000000000004,74.667
65.0,21.053,0.0,0.0,55.00000000000001,81.25,26.667,0.0,0.0,68.75,72.222,23.53,0.0,0.0,61.111000000000004
62.068999999999996,35.714,25.926,15.384999999999998,51.724000000000004,69.231,40.0,29.166999999999998,17.391000000000002,57.692,65.455,37.736,27.450999999999997,16.326999999999998,54.545
41.176,6.25,0.0,0.0,29.412,58.333,9.091000000000001,0.0,0.0,41.667,48.275,7.407,0.0,0.0,34.483000000000004
44.444,37.5,28.571,16.667,44.444,40.0,33.333,25.0,14.285999999999998,40.0,42.105,35.294,26.666,15.384999999999998,42.105
81.818,40.0,11.111,0.0,81.818,60.0,28.571,7.692,0.0,60.0,69.231,33.333,9.091000000000001,0.0,69.231
60.0,33.333,0.0,0.0,40.0,66.667,37.5,0.0,0.0,44.444,63.158,35.294,0.0,0.0,42.105
83.333,60.0,50.0,33.333,83.333,100.0,75.0,66.667,50.0,100.0,90.90899999999999,66.667,57.143,40.0,90.90899999999999
61.111000000000004,17.647,0.0,0.0,38.889,61.111000000000004,17.647,0.0,0.0,38.889,61.111000000000004,17.647,0.0,0.0,38.889
43.75,13.333,7.142999999999999,0.0,43.75,35.0,10.526,5.556,0.0,35.0,38.889,11.764,6.25,0.0,38.889
100.0,100.0,100.0,100.0,100.0,100.0,100.0,100.0,100.0,100.0,100.0,100.0,100.0,100.0,100.0
60.0,42.857,30.769000000000002,16.667,60.0,60.0,42.857,30.769000000000002,16.667,60.0,60.0,42.857,30.769000000000002,16.667,60.0
45.455,14.285999999999998,0.0,0.0,45.455,45.455,14.285999999999998,0.0,0.0,45.455,45.455,14.285999999999998,0.0,0.0,45.455
58.333,30.435000000000002,9.091000000000001,0.0,45.833,60.870000000000005,31.818,9.524000000000001,0.0,47.826,59.575,31.111,9.302000000000001,0.0,46.808
86.36399999999999,52.381,30.0,15.789,77.273,70.37,42.308,24.0,12.5,62.963,77.551,46.809,26.667,13.953,69.388
23.810000000000002,15.0,5.263,0.0,23.810000000000002,38.462,25.0,9.091000000000001,0.0,38.462,29.412,18.75,6.666999999999999,0.0,29.412
33.333,0.0,0.0,0.0,22.222,27.272999999999996,0.0,0.0,0.0,18.182000000000002,30.0,0.0,0.0,0.0,20.0
45.455,10.0,0.0,0.0,45.455,45.455,10.0,0.0,0.0,45.455,45.455,10.0,0.0,0.0,45.455
66.667,43.75,32.257999999999996,30.0,57.57600000000001,68.75,45.161,33.333,31.034,59.375,67.692,44.444,32.787,30.508000000000003,58.462
50.0,38.462,33.333,27.272999999999996,50.0,77.778,62.5,57.143,50.0,77.778,60.870000000000005,47.619,42.105,35.294,60.870000000000005
80.0,64.286,53.846000000000004,41.667,80.0,85.714,69.231,58.333,45.455,85.714,82.758,66.667,56.00000000000001,43.479,82.758
65.385,40.0,29.166999999999998,21.739,65.385,54.839000000000006,33.333,24.138,17.857,54.839000000000006,59.648999999999994,36.363,26.415,19.608,59.648999999999994
66.667,9.091000000000001,0.0,0.0,58.333,72.727,10.0,0.0,0.0,63.636,69.565,9.524000000000001,0.0,0.0,60.86899999999999
65.0,28.814,12.069,3.5090000000000003,58.333,58.209,25.758,10.769,3.125,52.239000000000004,61.417,27.200000000000003,11.382,3.306,55.118
80.0,25.0,0.0,0.0,80.0,57.143,16.667,0.0,0.0,57.143,66.667,20.0,0.0,0.0,66.667
60.870000000000005,31.818,9.524000000000001,0.0,47.826,82.353,43.75,13.333,0.0,64.706,70.0,36.842000000000006,11.111,0.0,55.00000000000001
50.0,27.027,16.667,8.571,47.368,73.077,40.0,25.0,13.043,69.231,59.375,32.257999999999996,20.0,10.344000000000001,56.25
87.5,57.143,33.333,20.0,87.5,87.5,57.143,33.333,20.0,87.5,87.5,57.143,33.333,20.0,87.5
100.0,70.0,55.556000000000004,37.5,90.90899999999999,100.0,70.0,55.556000000000004,37.5,90.90899999999999,100.0,70.0,55.556000000000004,37.5,90.90899999999999
41.176,6.25,0.0,0.0,29.412,46.666999999999994,7.142999999999999,0.0,0.0,33.333,43.75,6.666999999999999,0.0,0.0,31.25
87.5,42.857,33.333,20.0,75.0,63.636,30.0,22.222,12.5,54.545,73.68400000000001,35.294,26.666,15.384999999999998,63.158
57.143,25.926,11.538,4.0,46.428999999999995,61.538000000000004,28.000000000000004,12.5,4.348,50.0,59.25899999999999,26.923000000000002,12.0,4.167,48.148
33.333,25.0,14.285999999999998,0.0,33.333,75.0,66.667,50.0,0.0,75.0,46.154,36.364000000000004,22.223000000000003,0.0,46.154
82.353,37.5,6.666999999999999,0.0,76.471,63.636,28.571,5.0,0.0,59.09100000000001,71.795,32.432,5.714,0.0,66.667
50.0,20.0,7.142999999999999,0.0,50.0,53.333,21.429000000000002,7.692,0.0,53.333,51.613,20.69,7.407,0.0,51.613
50.0,0.0,0.0,0.0,50.0,16.667,0.0,0.0,0.0,16.667,25.0,0.0,0.0,0.0,25.0
54.545,40.0,33.333,25.0,54.545,60.0,44.444,37.5,28.571,60.0,57.143,42.105,35.294,26.666,57.143
63.636,30.0,22.222,12.5,63.636,50.0,23.077,16.667,9.091000000000001,50.0,56.00000000000001,26.087,19.048000000000002,10.526,56.00000000000001
81.818,80.0,77.778,75.0,81.818,69.231,66.667,63.636,60.0,69.231,75.0,72.727,70.0,66.667,75.0
41.463,20.0,7.692,2.632,39.024,40.476,19.512,7.5,2.564,38.095,40.964,19.753,7.595000000000001,2.598,38.554
72.727,40.0,11.111,0.0,63.636,72.727,40.0,11.111,0.0,63.636,72.727,40.0,11.111,0.0,63.636
40.0,21.053,11.111,5.882,40.0,44.444,23.529,12.5,6.666999999999999,44.444,42.105,22.222,11.765,6.25,42.105
55.172,35.714,18.519,11.538,55.172,64.0,41.667,21.739,13.636000000000001,64.0,59.25899999999999,38.462,20.0,12.5,59.25899999999999
52.632,50.0,47.059,43.75,52.632,71.429,69.231,66.667,63.636,71.429,60.606,58.065,55.173,51.852,60.606
50.0,13.043,4.545,0.0,37.5,66.667,17.647,6.25,0.0,50.0,57.143,15.0,5.263,0.0,42.857
41.176,6.25,0.0,0.0,29.412,38.889,5.882,0.0,0.0,27.778000000000002,40.0,6.0600000000000005,0.0,0.0,28.571999999999996
50.0,22.222,12.5,0.0,50.0,55.556000000000004,25.0,14.285999999999998,0.0,55.556000000000004,52.632,23.529,13.333,0.0,52.632
42.857,33.333,20.0,0.0,42.857,37.5,28.571,16.667,0.0,37.5,40.0,30.769000000000002,18.182000000000002,0.0,40.0
83.333,54.545,40.0,22.222,83.333,83.333,54.545,40.0,22.222,83.333,83.333,54.545,40.0,22.222,83.333
20.0,5.263,0.0,0.0,15.0,25.0,6.666999999999999,0.0,0.0,18.75,22.222,5.882,0.0,0.0,16.667
41.667,0.0,0.0,0.0,20.833,43.478,0.0,0.0,0.0,21.739,42.553000000000004,0.0,0.0,0.0,21.276
61.538000000000004,31.373,18.0,12.245000000000001,55.769000000000005,69.565,35.556,20.455000000000002,13.953,63.043000000000006,65.306,33.334,19.149,13.043,59.183
80.0,44.444,25.0,14.285999999999998,80.0,61.538000000000004,33.333,18.182000000000002,10.0,61.538000000000004,69.565,38.095,21.053,11.765,69.565
44.444,12.5,0.0,0.0,44.444,57.143,16.667,0.0,0.0,57.143,50.0,14.285999999999998,0.0,0.0,50.0
67.742,20.0,6.897,0.0,51.613,67.742,20.0,6.897,0.0,51.613,67.742,20.0,6.897,0.0,51.613
56.52199999999999,18.182000000000002,4.7620000000000005,0.0,47.826,61.905,20.0,5.263,0.0,52.381,59.09100000000001,19.048000000000002,5.0,0.0,50.0
72.727,38.095,15.0,10.526,72.727,76.19,40.0,15.789,11.111,76.19,74.41799999999999,39.024,15.384,10.811,74.41799999999999
60.0,25.0,0.0,0.0,60.0,60.0,25.0,0.0,0.0,60.0,60.0,25.0,0.0,0.0,60.0
35.0,10.526,0.0,0.0,35.0,33.333,10.0,0.0,0.0,33.333,34.146,10.256,0.0,0.0,34.146
75.0,45.455,30.0,22.222,66.667,69.231,41.667,27.272999999999996,20.0,61.538000000000004,72.0,43.479,28.571999999999996,21.053,64.0
67.742,36.667,13.793,3.5709999999999997,61.29,52.5,28.205000000000002,10.526,2.703,47.5,59.155,31.884,11.940000000000001,3.077,53.520999999999994
66.667,38.462,20.0,8.333,62.963,72.0,41.667,21.739,9.091000000000001,68.0,69.231,40.0,20.833,8.696,65.385
83.333,63.636,40.0,22.222,83.333,62.5,46.666999999999994,28.571,15.384999999999998,62.5,71.428,53.846000000000004,33.333,18.182000000000002,71.428
69.231,50.0,27.272999999999996,10.0,69.231,64.286,46.154,25.0,9.091000000000001,64.286,66.667,48.0,26.087,9.524000000000001,66.667
55.556000000000004,25.0,14.285999999999998,0.0,55.556000000000004,62.5,28.571,16.667,0.0,62.5,58.824,26.666,15.384999999999998,0.0,58.824
61.905,30.0,10.526,0.0,61.905,59.09100000000001,28.571,10.0,0.0,59.09100000000001,60.465,29.268,10.256,0.0,60.465
81.25,46.666999999999994,35.714,23.077,81.25,72.222,41.176,31.25,20.0,72.222,76.47,43.75,33.333,21.429000000000002,76.47
52.0,37.5,26.087,18.182000000000002,52.0,68.42099999999999,50.0,35.294,25.0,68.42099999999999,59.09100000000001,42.857,30.0,21.053,59.09100000000001
50.0,20.0,7.142999999999999,0.0,43.75,61.538000000000004,25.0,9.091000000000001,0.0,53.846000000000004,55.172,22.222,8.0,0.0,48.276
65.0,36.842000000000006,27.778000000000002,17.647,60.0,86.667,50.0,38.462,25.0,80.0,74.286,42.424,32.257999999999996,20.69,68.571
78.947,61.111000000000004,41.176,25.0,78.947,68.182,52.381,35.0,21.053,68.182,73.17099999999999,56.410000000000004,37.838,22.857,73.17099999999999
32.257999999999996,6.666999999999999,0.0,0.0,29.032000000000004,38.462,8.0,0.0,0.0,34.615,35.088,7.273000000000001,0.0,0.0,31.579
47.059,37.5,26.667,14.285999999999998,47.059,72.727,60.0,44.444,25.0,72.727,57.143,46.154,33.333,18.182000000000002,57.143
44.444,12.5,0.0,0.0,44.444,44.444,12.5,0.0,0.0,44.444,44.444,12.5,0.0,0.0,44.444
80.952,55.00000000000001,31.579,16.667,71.429,80.952,55.00000000000001,31.579,16.667,71.429,80.952,55.00000000000001,31.579,16.667,71.429
64.286,51.852,38.462,28.000000000000004,64.286,75.0,60.870000000000005,45.455,33.333,75.0,69.231,56.00000000000001,41.667,30.435000000000002,69.231
42.857,16.667,0.0,0.0,42.857,42.857,16.667,0.0,0.0,42.857,42.857,16.667,0.0,0.0,42.857
62.0,30.612000000000002,16.667,6.383,48.0,50.82,25.0,13.559,5.172000000000001,39.344,55.855999999999995,27.522999999999996,14.953,5.714,43.242999999999995
42.105,11.111,0.0,0.0,15.789,53.333,14.285999999999998,0.0,0.0,20.0,47.059,12.5,0.0,0.0,17.647
42.105,11.111,5.882,0.0,36.842000000000006,50.0,13.333,7.142999999999999,0.0,43.75,45.714,12.121,6.451,0.0,40.0
71.429,41.176,27.272999999999996,15.625,48.571,67.568,38.889,25.714,14.706,45.946,69.44500000000001,40.0,26.471,15.152,47.221999999999994
60.0,30.769000000000002,23.684,16.216,52.5,75.0,38.71,30.0,20.69,65.625,66.667,34.286,26.47,18.182000000000002,58.333
44.118,12.121,3.125,0.0,26.471,62.5,17.391000000000002,4.545,0.0,37.5,51.724000000000004,14.285,3.7039999999999997,0.0,31.035
80.952,45.0,21.053,11.111,71.429,70.833,39.129999999999995,18.182000000000002,9.524000000000001,62.5,75.555,41.86,19.512,10.256,66.667
45.455,33.333,20.0,15.789,45.455,66.667,50.0,30.769000000000002,25.0,66.667,54.054,40.0,24.242,19.354,54.054
90.90899999999999,70.0,44.444,25.0,72.727,83.333,63.636,40.0,22.222,66.667,86.956,66.666,42.105,23.529,69.565
77.778,37.5,14.285999999999998,0.0,44.444,87.5,42.857,16.667,0.0,50.0,82.353,40.0,15.384999999999998,0.0,47.059
46.154,8.333,0.0,0.0,46.154,42.857,7.692,0.0,0.0,42.857,44.444,8.0,0.0,0.0,44.444
42.857,25.0,15.789,11.111,38.095,52.941,31.25,20.0,14.285999999999998,47.059,47.368,27.778000000000002,17.647,12.5,42.105
66.667,29.412,12.5,0.0,66.667,66.667,29.412,12.5,0.0,66.667,66.667,29.412,12.5,0.0,66.667
80.0,50.0,0.0,0.0,80.0,80.0,50.0,0.0,0.0,80.0,80.0,50.0,0.0,0.0,80.0
80.0,57.143,46.154,33.333,73.333,80.0,57.143,46.154,33.333,73.333,80.0,57.143,46.154,33.333,73.333
76.19,50.0,31.579,22.222,71.429,80.0,52.632,33.333,23.529,75.0,78.049,51.282000000000004,32.432,22.857,73.17099999999999
66.667,30.0,15.789,5.556,57.143,70.0,31.579,16.667,5.882,60.0,68.293,30.769000000000002,16.216,5.714,58.53699999999999
75.0,66.667,50.0,0.0,75.0,75.0,66.667,50.0,0.0,75.0,75.0,66.667,50.0,0.0,75.0
65.714,38.235,21.212,15.625,62.857,58.974000000000004,34.211000000000006,18.919,13.889000000000001,56.410000000000004,62.16199999999999,36.111,20.0,14.706,59.458999999999996
60.0,25.0,0.0,0.0,60.0,60.0,25.0,0.0,0.0,60.0,60.0,25.0,0.0,0.0,60.0
80.0,75.0,66.667,50.0,80.0,80.0,75.0,66.667,50.0,80.0,80.0,75.0,66.667,50.0,80.0
46.809,17.391000000000002,4.444,2.273,38.298,52.381,19.512,5.0,2.564,42.857,49.437999999999995,18.391,4.7059999999999995,2.41,40.449
84.615,50.0,36.364000000000004,30.0,46.154,68.75,40.0,28.571,23.077,37.5,75.862,44.444,32.0,26.087,41.379
75.0,46.666999999999994,28.571,23.077,75.0,70.588,43.75,26.667,21.429000000000002,70.588,72.727,45.161,27.586,22.222,72.727
38.889,23.529,6.25,0.0,27.778000000000002,50.0,30.769000000000002,8.333,0.0,35.714,43.75,26.666,7.142999999999999,0.0,31.25
82.353,43.75,20.0,7.142999999999999,70.588,73.68400000000001,38.889,17.647,6.25,63.158,77.778,41.177,18.75,6.666999999999999,66.667
42.857,33.333,20.0,0.0,42.857,60.0,50.0,33.333,0.0,60.0,50.0,40.0,25.0,0.0,50.0
80.0,66.667,50.0,42.857,80.0,80.0,66.667,50.0,42.857,80.0,80.0,66.667,50.0,42.857,80.0
72.727,40.0,0.0,0.0,72.727,72.727,40.0,0.0,0.0,72.727,72.727,40.0,0.0,0.0,72.727
50.0,14.815000000000001,3.846,0.0,46.428999999999995,42.424,12.5,3.2259999999999995,0.0,39.394,45.900999999999996,13.559,3.5090000000000003,0.0,42.623
56.410000000000004,39.474,29.73,19.444,56.410000000000004,73.333,51.724000000000004,39.286,25.926,73.333,63.768,44.775999999999996,33.846,22.222,63.768
100.0,100.0,100.0,100.0,100.0,100.0,100.0,100.0,100.0,100.0,100.0,100.0,100.0,100.0,100.0
50.0,22.222,11.538,4.0,50.0,60.870000000000005,27.272999999999996,14.285999999999998,5.0,60.870000000000005,54.901999999999994,24.490000000000002,12.766,4.444,54.901999999999994
68.42099999999999,11.111,5.882,0.0,47.368,54.167,8.696,4.545,0.0,37.5,60.465,9.756,5.128,0.0,41.86
91.667,90.90899999999999,90.0,88.889,91.667,91.667,90.90899999999999,90.0,88.889,91.667,91.667,90.90899999999999,90.0,88.889,91.667
58.065,30.0,10.345,3.5709999999999997,54.839000000000006,62.068999999999996,32.143,11.111,3.846,58.621,60.0,31.035,10.714,3.703,56.667
100.0,62.5,42.857,33.333,88.889,100.0,62.5,42.857,33.333,88.889,100.0,62.5,42.857,33.333,88.889
29.166999999999998,8.696,0.0,0.0,29.166999999999998,22.581,6.666999999999999,0.0,0.0,22.581,25.455,7.548000000000001,0.0,0.0,25.455
66.667,38.462,20.0,8.333,48.148,78.261,45.455,23.810000000000002,10.0,56.52199999999999,72.0,41.667,21.739,9.091000000000001,52.0
80.0,55.556000000000004,25.0,0.0,60.0,80.0,55.556000000000004,25.0,0.0,60.0,80.0,55.556000000000004,25.0,0.0,60.0
84.0,58.333,43.478,31.818,76.0,80.769,56.00000000000001,41.667,30.435000000000002,73.077,82.353,57.143,42.553000000000004,31.111,74.51
50.0,18.182000000000002,0.0,0.0,50.0,46.154,16.667,0.0,0.0,46.154,48.0,17.392,0.0,0.0,48.0
62.5,42.857,16.667,0.0,62.5,71.429,50.0,20.0,0.0,71.429,66.667,46.154,18.182000000000002,0.0,66.667
75.0,53.333,42.857,38.462,75.0,80.0,57.143,46.154,41.667,80.0,77.41900000000001,55.172,44.444,40.0,77.41900000000001
71.429,38.462,16.667,9.091000000000001,57.143,62.5,33.333,14.285999999999998,7.692,50.0,66.667,35.714,15.384999999999998,8.333,53.333
70.833,47.826,27.272999999999996,14.285999999999998,62.5,73.913,50.0,28.571,15.0,65.217,72.34,48.888999999999996,27.907,14.634,63.83
54.545,10.0,0.0,0.0,36.364000000000004,37.5,6.666999999999999,0.0,0.0,25.0,44.444,8.0,0.0,0.0,29.630000000000003
42.857,16.667,0.0,0.0,42.857,33.333,12.5,0.0,0.0,33.333,37.5,14.285999999999998,0.0,0.0,37.5
56.52199999999999,24.444,6.8180000000000005,0.0,47.826,61.905,26.828999999999997,7.5,0.0,52.381,59.09100000000001,25.581,7.142999999999999,0.0,50.0
88.235,81.25,80.0,78.571,88.235,88.235,81.25,80.0,78.571,88.235,88.235,81.25,80.0,78.571,88.235
100.0,100.0,100.0,100.0,100.0,100.0,100.0,100.0,100.0,100.0,100.0,100.0,100.0,100.0,100.0
64.286,61.538000000000004,58.333,54.545,64.286,75.0,72.727,70.0,66.667,75.0,69.231,66.666,63.636,60.0,69.231
38.889,17.647,0.0,0.0,27.778000000000002,50.0,23.077,0.0,0.0,35.714,43.75,20.0,0.0,0.0,31.25
52.174,18.182000000000002,4.7620000000000005,0.0,39.129999999999995,52.174,18.182000000000002,4.7620000000000005,0.0,39.129999999999995,52.174,18.182000000000002,4.7620000000000005,0.0,39.129999999999995
39.216,14.000000000000002,4.082,0.0,33.333,37.736,13.462,3.9219999999999997,0.0,32.074999999999996,38.462,13.725999999999999,4.0,0.0,32.692
83.333,80.0,75.0,66.667,83.333,83.333,80.0,75.0,66.667,83.333,83.333,80.0,75.0,66.667,83.333
44.828,14.285999999999998,7.407,0.0,44.828,48.148,15.384999999999998,8.0,0.0,48.148,46.428999999999995,14.815000000000001,7.692,0.0,46.428999999999995
75.0,40.0,14.285999999999998,0.0,62.5,54.545,28.571,10.0,0.0,45.455,63.158,33.333,11.765,0.0,52.632
45.0,10.526,0.0,0.0,35.0,45.0,10.526,0.0,0.0,35.0,45.0,10.526,0.0,0.0,35.0
86.667,71.429,61.538000000000004,58.333,86.667,76.471,62.5,53.333,50.0,76.471,81.25,66.667,57.142,53.846000000000004,81.25
45.455,40.0,33.333,25.0,45.455,62.5,57.143,50.0,40.0,62.5,52.632,47.059,40.0,30.769000000000002,52.632
73.68400000000001,44.444,23.529,12.5,73.68400000000001,58.333,34.782999999999994,18.182000000000002,9.524000000000001,58.333,65.116,39.024,20.513,10.811,65.116
100.0,100.0,100.0,100.0,100.0,100.0,100.0,100.0,100.0,100.0,100.0,100.0,100.0,100.0,100.0
50.0,0.0,0.0,0.0,50.0,50.0,0.0,0.0,0.0,50.0,50.0,0.0,0.0,0.0,50.0
100.0,100.0,100.0,100.0,100.0,100.0,100.0,100.0,100.0,100.0,100.0,100.0,100.0,100.0,100.0
50.0,0.0,0.0,0.0,50.0,50.0,0.0,0.0,0.0,50.0,50.0,0.0,0.0,0.0,50.0
33.333,9.091000000000001,0.0,0.0,25.0,30.769000000000002,8.333,0.0,0.0,23.077,32.0,8.696,0.0,0.0,24.0
60.0,33.333,25.0,14.285999999999998,50.0,85.714,50.0,40.0,25.0,71.429,70.588,40.0,30.769000000000002,18.182000000000002,58.824
46.666999999999994,21.429000000000002,0.0,0.0,46.666999999999994,58.333,27.272999999999996,0.0,0.0,58.333,51.852,24.0,0.0,0.0,51.852
51.613,20.0,3.4479999999999995,0.0,41.935,50.0,19.355,3.3329999999999997,0.0,40.625,50.794,19.672,3.39,0.0,41.27
30.435000000000002,9.091000000000001,4.7620000000000005,0.0,30.435000000000002,25.926,7.692,4.0,0.0,25.926,28.000000000000004,8.333,4.348,0.0,28.000000000000004
50.0,26.667,14.285999999999998,7.692,50.0,57.143,30.769000000000002,16.667,9.091000000000001,57.143,53.333,28.571999999999996,15.384999999999998,8.333,53.333
76.923,41.667,18.182000000000002,0.0,69.231,83.333,45.455,20.0,0.0,75.0,80.0,43.479,19.048000000000002,0.0,72.0
50.0,0.0,0.0,0.0,50.0,50.0,0.0,0.0,0.0,50.0,50.0,0.0,0.0,0.0,50.0
62.5,42.857,16.667,0.0,37.5,62.5,42.857,16.667,0.0,37.5,62.5,42.857,16.667,0.0,37.5
81.57900000000001,54.054,36.111,25.714,73.68400000000001,79.487,52.632,35.135,25.0,71.795,80.51899999999999,53.334,35.616,25.352000000000004,72.727
52.0,25.0,8.696,4.545,48.0,61.905,30.0,10.526,5.556,57.143,56.52199999999999,27.272999999999996,9.524000000000001,5.0,52.174
66.667,25.0,14.285999999999998,0.0,55.556000000000004,75.0,28.571,16.667,0.0,62.5,70.588,26.666,15.384999999999998,0.0,58.824
76.0,29.166999999999998,4.348,0.0,56.00000000000001,61.29,23.333000000000002,3.4479999999999995,0.0,45.161,67.857,25.926,3.846,0.0,50.0
48.387,13.333,6.897,3.5709999999999997,35.484,50.0,13.793,7.142999999999999,3.7039999999999997,36.667,49.18,13.559,7.018000000000001,3.636,36.065999999999995
64.706,48.485,31.25,22.581,55.882,75.862,57.143,37.037,26.923000000000002,65.517,69.841,52.459,33.898,24.562,60.317
100.0,100.0,100.0,100.0,100.0,100.0,100.0,100.0,100.0,100.0,100.0,100.0,100.0,100.0,100.0
