human,bert_f1_deberta_xlarge_mnli,bert_p_deberta_xlarge_mnli,bert_r_deberta_xlarge_mnli,bert_f1_roberta_large_mnli,bert_r_roberta_large_mnli,bert_p_roberta_large_mnli,bert_f1_bart_mnli,bert_r_bart_mnli,bert_p_bart_mnli
0.452788211039436,0.77752095,0.7415651,0.81307685,0.680547,0.7349703,0.626134,0.8764135,0.8975227,0.8562745
0.485536524204003,0.7738106,0.7893853,0.75669587,0.715623,0.7080055,0.7223339,0.87267244,0.8798991,0.8655636
-0.888025711094521,0.38745877,0.2965497,0.48571256,0.14655869,0.30902138,-0.008766254,0.65307593,0.7126821,0.6026707
0.407911031848076,0.7100756,0.6936251,0.7244593,0.60776526,0.5859154,0.62850446,0.8328593,0.8306538,0.83507645
-0.640085432265542,0.46383035,0.4470153,0.47661212,0.4305327,0.49298847,0.3676814,0.6903009,0.70982945,0.67181814
0.519403255840992,0.85220194,0.9286617,0.78025013,0.8317049,0.7624557,0.90210277,0.90573317,0.8682914,0.9465495
-0.677074926500865,0.33607978,0.2334903,0.44995898,0.47252965,0.5685033,0.37818,0.6857377,0.7321808,0.64483505
0.442223360455156,0.78236526,0.7427159,0.82196635,0.69796777,0.73246515,0.662914,0.82996595,0.847626,0.8130268
0.685200524504157,0.8887678,0.8515966,0.92648345,0.7961203,0.8142084,0.7774848,0.8890711,0.9139544,0.8655069
1.16917233769878,1.0000002,1.0000002,1.0000002,0.99999964,0.99999964,0.99999964,0.9999999,0.9999999,0.9999999
-0.642182387542613,0.55956423,0.5734581,0.5424071,0.69496167,0.6862571,0.7026987,0.78526926,0.7975472,0.7733637
0.781933138689192,0.7896486,0.7754479,0.8023512,0.65346867,0.66495794,0.6409023,0.8733151,0.8817148,0.8650738
0.732574978174809,0.79750836,0.7781859,0.81557727,0.7069038,0.7439064,0.6694357,0.838742,0.8626753,0.81610084
0.54365743223876,0.8258561,0.8592254,0.7922549,0.81722105,0.78372264,0.85051554,0.8620105,0.8010423,0.9330239
0.0395019684509958,0.67821693,0.6811906,0.6726663,0.5105906,0.51377404,0.50582004,0.7557181,0.7375876,0.7747625
0.438320946918647,0.7325187,0.71743435,0.74567103,0.6488871,0.65201694,0.64461917,0.7930323,0.7947394,0.7913324
0.637397360568535,0.7766673,0.76562923,0.78601915,0.76313853,0.81644994,0.7100447,0.86343414,0.87915796,0.84826285
-0.0599603197172106,0.7809326,0.7547015,0.8061187,0.7073643,0.75510246,0.65948015,0.86691266,0.8905311,0.8445146
0.892141225621965,0.91467744,0.9143441,0.91432244,0.8926239,0.89245296,0.89244545,0.9455938,0.9455938,0.9455938
0.126346159204011,0.56253153,0.5433457,0.5785752,0.49009487,0.53702855,0.44232458,0.7882026,0.8028357,0.7740934
0.568044302299634,0.84337467,0.8207293,0.8652814,0.8517705,0.86785144,0.8352973,0.91945994,0.92767256,0.9113915
0.207967307642376,0.7457834,0.7218415,0.7682757,0.74137455,0.7300623,0.75188714,0.8791754,0.87151456,0.8869722
0.632553007971567,0.84859806,0.84800655,0.8479681,0.7476428,0.74302703,0.7514439,0.9218479,0.9218479,0.9218479
-0.821648992404251,0.30163467,0.26638865,0.33287686,0.21135013,0.20445092,0.21569599,0.61017907,0.6174618,0.6030661
-0.226735533679534,0.48699585,0.4420149,0.5303639,0.40614545,0.48959166,0.32334605,0.71294224,0.73078924,0.6959462
-0.0614291208948423,0.50237393,0.49511498,0.5056555,0.6213948,0.6030813,0.6385906,0.7562735,0.7663373,0.7464707
0.261883650014704,0.65163136,0.6843387,0.6174033,0.5183718,0.5107037,0.52449095,0.7717354,0.73883545,0.80770195
0.52172969608004,0.6743999,0.67287916,0.67329377,0.7442419,0.7439906,0.74366075,0.8116994,0.81714153,0.80632925
-0.342418505949285,0.41026038,0.38778135,0.42855296,0.32499695,0.32356265,0.3242343,0.6962746,0.69800895,0.69454885
-0.512695108641565,0.42237103,0.39212325,0.44905844,0.5794307,0.60004175,0.5576128,0.72544926,0.7231561,0.7277571
0.235837009007834,0.75631124,0.76488477,0.74586755,0.73861426,0.7583376,0.7181809,0.8363103,0.83798087,0.83464646
-0.144764373218382,0.69701123,0.6815566,0.71025974,0.6434738,0.6482179,0.63757956,0.8594365,0.85928184,0.8595913
-0.115711662814428,0.64653414,0.64515316,0.6450634,0.8099378,0.8096351,0.8096218,0.8489168,0.8489168,0.8489168
0.332689984123327,0.6115638,0.64271885,0.5784901,0.57985944,0.51293784,0.6470497,0.8032863,0.7774807,0.83086383
0.13083739085347,0.8577901,0.854064,0.8603803,0.72175676,0.7286962,0.71393025,0.8188121,0.8271389,0.8106512
0.315716178352574,0.6226234,0.6163613,0.62586933,0.578729,0.5412683,0.6153192,0.7181874,0.71894026,0.7174361
0.478606317945255,0.8242986,0.76653486,0.8843218,0.846299,0.91448075,0.77919483,0.89672464,0.9433351,0.8545035
0.582911436674549,0.8612553,0.91430384,0.809893,0.84776175,0.812317,0.8831468,0.89223003,0.86760116,0.9182981
-0.85647799495761,0.8155881,0.893199,0.7424822,0.84631735,0.7749326,0.9190014,0.87621856,0.8272156,0.9313927
0.723660462251228,0.9038013,0.90092945,0.9059042,0.8699135,0.86056113,0.8788721,0.92506456,0.92476326,0.92536604
0.00416536148291124,0.526423,0.5606352,0.48994178,0.44146553,0.45826724,0.42296073,0.73063546,0.72798824,0.7333019
-0.357243997085084,0.626254,0.5790036,0.67311704,0.6011046,0.6288091,0.57238746,0.82865214,0.8312025,0.8261174
-0.0162909943523577,0.61296844,0.59768796,0.62535936,0.56591946,0.5674241,0.56300396,0.77004945,0.77931345,0.76100314
-0.197614046601179,0.5705666,0.5651068,0.57258034,0.68441623,0.6266443,0.7423561,0.74933696,0.72052956,0.7805437
-0.01084294200138,0.4983063,0.4896487,0.5029758,0.3619257,0.3823817,0.33956403,0.72257423,0.7299597,0.7153367
-0.648933104154934,0.37154335,0.3854044,0.35296965,0.2827595,0.25925165,0.30412757,0.66621923,0.65549713,0.677298
-0.248361806754914,0.79108274,0.7469622,0.8356439,0.7723553,0.8031782,0.7411261,0.8786438,0.9011978,0.85719115
-0.106071791104644,0.63712424,0.56505585,0.71266603,0.50092566,0.541998,0.4588613,0.81571007,0.84622055,0.78732306
0.565970606539034,0.72595847,0.7312793,0.71847034,0.7804964,0.76966673,0.7906513,0.8274746,0.8259842,0.8289704
-0.333828725704584,0.49597707,0.5443584,0.44656327,0.43237478,0.37427858,0.4898727,0.75739986,0.7366866,0.77931166
0.147511389457464,0.88350827,0.8872143,0.8788791,0.8129301,0.790893,0.8345265,0.9246898,0.91502553,0.9345605
-0.047480250563704,0.85119486,0.8196105,0.882621,0.77264494,0.78900343,0.75564253,0.8956364,0.9076903,0.8838984
-0.360394956721453,0.5751678,0.5102008,0.6420087,0.4592013,0.4910016,0.4260295,0.7710595,0.7895023,0.7534586
-0.167812348227098,0.6044623,0.53436303,0.67750967,0.4773143,0.581329,0.37550282,0.7816579,0.8118314,0.7536469
-0.57281938956244,0.3351939,0.32810852,0.33694553,0.37934256,0.37331504,0.3833603,0.6733117,0.6652501,0.6815711
0.643463044507067,0.7914591,0.7855906,0.79567397,0.7324198,0.7290542,0.7349182,0.8591457,0.85303795,0.86534166
-0.660388216849398,0.40502638,0.37686098,0.42933825,0.44944382,0.4849738,0.41260576,0.7304583,0.7436483,0.717728
-1.41444807445734,0.36955258,0.39625862,0.338891,0.5472725,0.57924026,0.5142149,0.7599112,0.74582314,0.7745418
0.95258229817377,0.9360762,0.91952634,0.95238394,0.9223185,0.9324705,0.9119494,0.9552079,0.96823037,0.94253105
0.812172925892057,0.96481085,0.95533454,0.9740921,0.92719567,0.9452205,0.9090444,0.9612288,0.9683018,0.9542584
0.467143262828706,0.74041086,0.7465411,0.73224056,0.6755081,0.67666304,0.67329866,0.82624626,0.8322206,0.8203572
-0.9754771847831,0.23431353,0.11569851,0.3717735,0.009764575,0.330201,-0.2767934,0.563974,0.6219787,0.5158653
0.114769162480244,0.7895119,0.7850055,0.7923356,0.6873581,0.70795596,0.6658982,0.865857,0.86418194,0.8675386
-0.823443895159447,0.42694208,0.37549478,0.47724792,0.45028186,0.4971472,0.40245566,0.7227462,0.7388052,0.7073705
0.437920037204894,0.7645415,0.78344995,0.74414855,0.7338695,0.71224135,0.7547925,0.86260855,0.8639606,0.8612608
-0.166895556816134,0.4757145,0.5002885,0.44779184,0.45817292,0.45712933,0.45745337,0.73243666,0.7234515,0.7416477
0.073405552962959,0.56601137,0.55850476,0.5700598,0.47991815,0.46250063,0.49574634,0.76511276,0.76109445,0.76917374
0.36038191530228,0.7986999,0.80802405,0.78785723,0.69860345,0.6948059,0.70142454,0.8184093,0.81436276,0.8224963
-0.402604954526111,0.52271897,0.47177827,0.5730493,0.4716153,0.49520525,0.4465229,0.7411035,0.75881755,0.7241976
-0.190070906563248,0.50339615,0.4533201,0.5526201,0.32605997,0.37313816,0.27765018,0.7406924,0.7446419,0.7367846
-0.418367515139728,0.5116976,0.4392519,0.5871398,0.2804,0.45560548,0.11401472,0.72093004,0.76865256,0.6787869
0.927431017059398,0.9999999,0.9999999,0.9999999,0.99999964,0.99999964,0.99999964,0.9999999,0.9999999,0.9999999
0.165918653657112,0.7350635,0.79793835,0.6742645,0.6534612,0.5500368,0.7596983,0.8150201,0.7618452,0.87617505
0.468901720330329,0.7830611,0.7561943,0.8089366,0.7110687,0.70600766,0.7151974,0.8436758,0.8410504,0.8463176
0.464631363029329,0.6614196,0.6407904,0.67976266,0.5669952,0.59076,0.5420351,0.81653655,0.8334178,0.80032563
-1.01242180894803,0.56440175,0.57570213,0.54978764,0.5072914,0.503313,0.5096699,0.74983305,0.7338751,0.7665006
0.420410097641024,0.9002254,0.8998354,0.8998101,0.7930898,0.7927603,0.7927459,0.9133802,0.9133802,0.9133802
-1.39677493515606,0.126182,0.11237906,0.13312201,0.045453005,-0.029446138,0.11947979,0.57126796,0.5545759,0.5889961
0.532808468111551,0.7959442,0.7477855,0.84500337,0.77580786,0.78666496,0.7642641,0.8707896,0.8894793,0.85286915
-1.0664505986054,0.1548048,0.11660536,0.18830934,0.14116767,0.2210098,0.06104293,0.55758333,0.5753196,0.54090786
0.11029487468915,0.6779579,0.7123991,0.6423118,0.61062765,0.6006979,0.6193218,0.8001484,0.79679424,0.803531
0.913649896685484,0.8510975,0.8679446,0.8333555,0.83243877,0.813479,0.8509769,0.8966079,0.8846491,0.90889436
-0.799160972238874,0.6440674,0.61846745,0.66750646,0.6149482,0.5886568,0.64022803,0.80170494,0.80264306,0.8007691
0.643143152522208,0.82114756,0.7963475,0.84514135,0.7843275,0.7978225,0.7701972,0.8736674,0.8801042,0.8673242
0.286747773513712,0.65587586,0.6622554,0.64678663,0.6650923,0.6139244,0.71610653,0.7268574,0.7074657,0.7473422
0.132180936855453,0.72818553,0.7517854,0.7030454,0.78814733,0.77613705,0.7995166,0.8876585,0.873773,0.9019923
-1.03120330564073,0.39757562,0.45717722,0.3379301,0.34630215,0.30579153,0.3852868,0.6814032,0.662629,0.70127237
0.181651147090079,0.4035341,0.3565174,0.44864067,0.52343124,0.51089966,0.53446347,0.76213795,0.7762692,0.748512
-0.143483646126129,0.5990677,0.5558496,0.64125216,0.45396286,0.5233561,0.38457435,0.7490942,0.75895154,0.73948956
-0.389397636929617,0.52510095,0.49210694,0.55553865,0.54670036,0.56360847,0.52842814,0.7342497,0.73826206,0.73028076
0.460151798231812,0.7879972,0.7675567,0.8071555,0.67933106,0.6993679,0.65839803,0.87586904,0.87873816,0.8730186
0.649956654762874,0.88957256,0.8840404,0.89424175,0.842916,0.8171054,0.8684457,0.91637504,0.91265965,0.92012084
0.0663855365701542,0.7391906,0.74609137,0.73025227,0.6247206,0.6110744,0.63720775,0.8142898,0.8106154,0.81799763
0.889936407669383,0.8046325,0.8038692,0.80381954,0.87396,0.8636004,0.8839466,0.9249798,0.9269073,0.9230603
0.0577068223205979,0.5843108,0.6095038,0.55660015,0.53470063,0.47018883,0.5992257,0.79236114,0.771644,0.8142214
0.214582180679222,0.70190686,0.6574117,0.7462383,0.6712765,0.70439327,0.6374869,0.79045707,0.8160028,0.7664623
-0.567881505303362,0.37254658,0.42907023,0.31541154,0.31857434,0.17832378,0.46440488,0.6923662,0.6603466,0.7276491
0.589837469611688,0.6292722,0.56481004,0.6958132,0.7790972,0.7793651,0.7781102,0.85788924,0.8776218,0.8390244
-0.145837838768453,0.5538593,0.49005017,0.61922926,0.56104195,0.6334071,0.48913583,0.7943829,0.8270761,0.7641761
-0.724948580884325,0.5260392,0.52759904,0.5206691,0.4480746,0.48132583,0.41345158,0.7231195,0.72541076,0.72084266
1.00253365262871,0.92678934,0.9265033,0.9264847,0.9016483,0.90149164,0.9014848,0.94576263,0.94576263,0.94576263
-0.874216207629937,0.37785947,0.34335104,0.40884686,0.33056596,0.28015393,0.37974566,0.65979356,0.6709658,0.6489873
0.288170337389486,0.6327906,0.6342875,0.62834054,0.5746044,0.56301,0.58485854,0.7906717,0.77010983,0.8123616
0.393350618566442,0.5943177,0.55545074,0.63167167,0.5832579,0.6393253,0.5269732,0.7689247,0.8073735,0.7339715
-0.837367116158554,0.25942788,0.2619383,0.25098482,0.41458744,0.42912355,0.398234,0.62900716,0.61588925,0.642696
-0.0165822915461217,0.60597795,0.60621876,0.60256165,0.48634428,0.47063875,0.5004618,0.73741347,0.7254514,0.7497765
0.430652308359105,0.5061003,0.5187569,0.4897205,0.48260465,0.45163667,0.51223,0.71991783,0.7058376,0.7345713
-0.76431989277286,0.016319046,-0.13148846,0.20841026,0.27479672,0.4855288,0.07763411,0.5655397,0.6344055,0.510161
0.536733216549059,0.7920908,0.84089303,0.7441103,0.7269514,0.6611738,0.79338866,0.8532392,0.8210983,0.8879987
0.813088391967191,0.83472353,0.8239834,0.8442411,0.8532457,0.8809817,0.82529753,0.89449763,0.8984164,0.89061296
-0.160550927818615,0.6783454,0.7128421,0.64265084,0.66309935,0.6241781,0.70146024,0.817134,0.7925405,0.8433028
-0.630440817527706,0.5181033,0.504773,0.52771646,0.40851164,0.4364032,0.37900034,0.71004313,0.71418166,0.7059523
0.408824119574554,0.6630499,0.67471755,0.64885217,0.66070354,0.63322353,0.68734246,0.7813154,0.7587311,0.8052854
-0.454066287427019,0.24363582,0.22333628,0.25830898,0.29777664,0.3493969,0.24490999,0.5912715,0.5846729,0.5980208
0.245858767042922,0.7870403,0.75998557,0.81314594,0.7025373,0.73617965,0.6683327,0.8491245,0.85483724,0.8434875
-0.669920546308596,0.3058901,0.20253494,0.42096174,0.37873477,0.51236653,0.24956675,0.6639698,0.6885986,0.641042
-0.707115444623102,0.34967285,0.2923967,0.4062995,0.3761136,0.44366834,0.30824912,0.7554758,0.77130383,0.7402844
0.548906494005464,0.9126668,0.9406692,0.8847407,0.910044,0.885342,0.93466324,0.9517081,0.93869495,0.965087
-0.838106947639302,0.5308986,0.5279366,0.5300778,0.41919336,0.37151068,0.46582058,0.7589613,0.7532054,0.7648059
-0.044785924932825,0.79349124,0.79268444,0.792632,0.7998285,0.79950976,0.79949576,0.8861085,0.8861085,0.8861085
-0.695468080306879,0.47049576,0.45718414,0.47970518,0.45502448,0.47338012,0.43502957,0.6902694,0.68198204,0.6987606
0.482295209992252,0.8378403,0.86082685,0.8141105,0.86916476,0.8433634,0.8947692,0.85705036,0.8230593,0.8939699
0.319894291616633,0.7118982,0.65685713,0.7681046,0.75223815,0.7821447,0.72184324,0.8550035,0.8746151,0.8362522
-0.528810017485969,0.49235028,0.495722,0.48491815,0.37270278,0.37063947,0.37272483,0.73234826,0.7117883,0.7541314
0.150588332013063,0.6723025,0.6538659,0.68844473,0.6516859,0.68203187,0.62054265,0.8655622,0.86370164,0.8674308
-0.0432875541719373,0.44330403,0.42426455,0.45824143,0.45461375,0.47527608,0.4323457,0.73884887,0.7595898,0.7192105
0.0322334024503192,0.6918511,0.72051996,0.66166955,0.6881022,0.66356075,0.7118371,0.8323637,0.8241336,0.8407599
0.083678815777441,0.43639675,0.44179356,0.42652702,0.39237848,0.399821,0.38298354,0.6899834,0.6584296,0.7247137
0.0978965113224147,0.6981902,0.647303,0.7496191,0.61341476,0.6492162,0.5768242,0.8442971,0.86530185,0.8242879
0.0499095297798095,0.75707024,0.71337634,0.8009149,0.6967819,0.7306891,0.6622995,0.85083145,0.8765972,0.8265371
-0.621619965341566,0.40117502,0.3807227,0.41725862,0.39641088,0.43073794,0.36057815,0.6938096,0.7057942,0.6822253
0.50730450768083,0.75476944,0.7538113,0.753749,0.76824665,0.7678776,0.7678614,0.8234245,0.8234245,0.8234245
-0.326040486328039,0.6533425,0.6452928,0.6586496,0.606158,0.6570773,0.5548953,0.8087953,0.8210051,0.79694337
-0.743572144404552,0.46037757,0.44877583,0.4677474,0.4513968,0.43850714,0.4625555,0.7342309,0.73228467,0.73618746
-0.808402980459968,0.74973345,0.80797714,0.69307727,0.8151194,0.7807542,0.8492944,0.8092112,0.78115404,0.8393589
0.0554611878503014,0.6893765,0.65481246,0.7227583,0.53611577,0.5633481,0.50765496,0.7858362,0.80477226,0.7677709
-0.18941240858924,0.6860814,0.6568117,0.71375144,0.6786286,0.6799339,0.6762786,0.7919429,0.80184907,0.7822784
0.167031498730923,0.68759835,0.5946708,0.78872484,0.7318985,0.8169777,0.64844567,0.8562809,0.90674174,0.8111403
0.64963409209051,0.8159574,0.77181435,0.8607243,0.7544267,0.77722687,0.73101276,0.8731275,0.8959844,0.85140777
-0.834961431814445,0.30665898,0.3438101,0.26609027,0.1980624,0.19307478,0.20044586,0.6187529,0.6054668,0.6326352
0.295652270974777,0.6804143,0.690678,0.6677192,0.6252012,0.626789,0.6223952,0.7678869,0.7579137,0.7781261
0.786073536182161,0.85597646,0.8436253,0.86731476,0.84249014,0.84190327,0.84256434,0.92598873,0.9293874,0.9226148
0.45501887910231,0.803546,0.78307647,0.822859,0.84651405,0.9082177,0.7856072,0.9374628,0.9580168,0.9177722
0.329164448713773,0.745161,0.76202714,0.7265794,0.6972678,0.7061622,0.6874185,0.8541509,0.8485549,0.8598212
-0.576981187750168,0.48253638,0.5536444,0.4135402,0.39937922,0.32050115,0.4786539,0.67563486,0.6497648,0.7036503
-0.0380485315816169,0.44878504,0.36864713,0.53343713,0.55767345,0.6176933,0.49752393,0.80690986,0.8349282,0.78071094
0.520142075889608,0.56857216,0.6981041,0.4536616,0.5907224,0.51792747,0.6641245,0.7269368,0.68652236,0.7724072
-0.76902865340642,0.5706357,0.5162635,0.62517947,0.43147528,0.5052344,0.35788292,0.762102,0.7702586,0.75411624
0.57102691038846,0.6857715,0.68454385,0.68446404,0.70765287,0.70718735,0.7071669,0.7794092,0.77940917,0.77940917
-0.800559562820554,0.5375699,0.55329293,0.5184862,0.47131583,0.46514082,0.47578076,0.7309672,0.7272756,0.73469657
-0.350578668928335,0.39736226,0.4908144,0.310108,0.5456176,0.49027613,0.6005947,0.69718355,0.6738218,0.7222234
-0.61004790278995,0.4251089,0.39103007,0.45597607,0.39249927,0.45535502,0.32915604,0.6829701,0.6867738,0.67920834
-0.0560478371765846,0.6657885,0.6518064,0.6772654,0.59771216,0.6266871,0.56773925,0.7747094,0.7831427,0.76645595
-0.768481302866252,0.4488621,0.4025038,0.49352208,0.30653822,0.33075988,0.28029975,0.670884,0.6779571,0.66395694
0.45419425023011,0.8424206,0.82003,0.8640531,0.8523949,0.8683381,0.83606,0.9116715,0.9254283,0.8983179
-0.0524933532539126,0.563787,0.58906484,0.5358469,0.672141,0.6584406,0.6848372,0.77493125,0.76115286,0.78921765
0.61443256234412,0.7727147,0.71946347,0.82730305,0.730156,0.78911555,0.67153376,0.8706581,0.8851969,0.8565892
0.169691471422385,0.7487168,0.7920869,0.70537245,0.6571422,0.53733915,0.7811525,0.8213731,0.79414135,0.8505388
0.055790992143014,0.73167914,0.70326525,0.758793,0.7000052,0.7311005,0.6682818,0.8221747,0.83497965,0.8097565
0.17289328001423,0.6835904,0.6203548,0.74901146,0.6918125,0.74501073,0.6386125,0.82333755,0.83882976,0.8084072
-1.13308728571447,0.2647727,0.16459769,0.37569457,0.18106367,0.2170389,0.14295599,0.6042462,0.6151606,0.5937123
1.25006233683725,1.0000005,1.0000005,1.0000005,1.0000007,1.0000007,1.0000007,1.0,1.0,1.0
-0.657390182067616,0.46990204,0.45828518,0.47736442,0.5721563,0.570955,0.5719662,0.7980044,0.7937584,0.8022961
-0.854904160994939,0.32510176,0.31381974,0.3310495,0.24975191,0.28577673,0.2118097,0.57168865,0.5603381,0.5835085
0.0172712031319084,0.48455024,0.5633699,0.40917698,0.46219826,0.4018673,0.52212363,0.6947988,0.67306924,0.7179783
-0.65542828265476,0.34213597,0.3195235,0.36003253,0.30793253,0.20982222,0.40752628,0.63055605,0.6012636,0.66284883
0.279575014553506,0.6744444,0.6841905,0.66220635,0.60160255,0.57390577,0.62827134,0.8082241,0.8048215,0.8116557
0.583201455408573,0.8421491,0.7987966,0.88623965,0.79163516,0.82988685,0.75321513,0.9051378,0.91683674,0.8937337
0.39764243625547,0.67930436,0.6358236,0.7223529,0.7578566,0.7935297,0.7218443,0.8193371,0.84580183,0.7944783
-0.466248742484706,0.4166307,0.39534745,0.43371162,0.35892132,0.39032352,0.32582337,0.6964554,0.69645584,0.696455
-0.67448215763239,0.43861008,0.35769346,0.5242082,0.33240768,0.41196933,0.2530632,0.6713385,0.696988,0.6475099
0.499939887346323,0.80514985,0.8268525,0.78239554,0.7639451,0.7559698,0.77117354,0.8241815,0.81908375,0.8293431
1.14769404963663,0.8923521,0.8913029,0.8925333,0.9464684,0.966948,0.9259561,0.98258,0.9902014,0.9750749
-0.50574865452653,0.6563859,0.6388314,0.67148316,0.6118778,0.6254922,0.59707206,0.7668137,0.76224864,0.77143383
0.417703405227849,0.86151904,0.8270467,0.89611906,0.86116534,0.88858426,0.8335537,0.9217672,0.9402065,0.90403706
-0.297644417049492,0.5055957,0.4841898,0.52351207,0.49138921,0.49647903,0.48465595,0.7202567,0.7182442,0.72228056
0.893259846288207,0.7297308,0.758103,0.70010334,0.84765404,0.81823874,0.87687343,0.8895964,0.868345,0.9119141
0.24615984651424,0.71085566,0.73727894,0.68292016,0.30611372,0.30126703,0.30870792,0.7669411,0.76047504,0.77351797
0.756066394319664,0.83870834,0.90785,0.7730038,0.8508477,0.8140917,0.8875878,0.91128415,0.8795502,0.9453937
0.24444402239593,0.6420402,0.6512561,0.6300636,0.6835503,0.6477864,0.7187352,0.84096503,0.8337631,0.84829247
-0.0674555924650407,0.71198833,0.72146,0.70031476,0.59093994,0.6177548,0.56306195,0.82066107,0.8264512,0.8149514
-0.514885363682481,0.53480285,0.48396206,0.58509755,0.48148584,0.51604706,0.44569087,0.70425195,0.7242192,0.6853562
-1.02006207458751,0.3389392,0.27578354,0.4024879,0.2555049,0.31148472,0.19833045,0.70355904,0.7254565,0.6829448
0.421836988759789,0.78439605,0.7835537,0.78349894,0.71553016,0.714959,0.71517545,0.8643839,0.8643839,0.8643839
0.122897595723878,0.62279826,0.5966646,0.64663595,0.6451605,0.65965635,0.6295894,0.82448316,0.8287265,0.8202831
-0.253749254483533,0.80761737,0.7935888,0.8202878,0.7864062,0.7930815,0.77905226,0.8721996,0.8712191,0.87318224
-0.395105111960695,0.56918037,0.56432134,0.5705765,0.58520067,0.5846073,0.584444,0.7806882,0.770639,0.7910029
-0.617647055534909,0.49837083,0.45075536,0.54477775,0.42867434,0.4935233,0.36353582,0.74005735,0.76090455,0.72032213
-0.595619937794588,0.3347673,0.37313166,0.29328728,0.40622172,0.34837782,0.4633762,0.6589882,0.6297403,0.6910851
-0.343747830917865,0.65093535,0.59427226,0.7085983,0.5736067,0.60900867,0.53728145,0.78689,0.7997988,0.7743913
-0.024235906815601,0.5066814,0.47294486,0.5377853,0.487117,0.53067285,0.44260335,0.74895674,0.76239145,0.7359874
-0.309910693133812,0.6961818,0.6960209,0.69389224,0.6853581,0.7039497,0.66587025,0.85477704,0.85258317,0.85698223
-1.33166884701068,0.26827294,0.20621726,0.33020055,0.17890055,0.4634182,-0.07955992,0.58579844,0.6520787,0.5317491
0.164682392315432,0.49055654,0.4650265,0.51271594,0.41992652,0.4251795,0.41279963,0.70684296,0.7119689,0.7017903
-1.13908271335106,0.05159496,-0.04517134,0.15932705,-0.0081389705,0.07510417,-0.091842085,0.45510414,0.47880664,0.43363765
-0.672763057358776,0.4905017,0.39738014,0.5916078,0.4292825,0.51900244,0.34066206,0.74019885,0.78590846,0.699514
0.293530991564083,0.71260464,0.6734181,0.7511818,0.6579369,0.6980453,0.6172952,0.81785893,0.8320476,0.80414605
0.383387615545269,0.8875952,0.92202395,0.8534506,0.83467466,0.7637984,0.90678996,0.9160609,0.8852073,0.94914305
-0.352728101571293,0.6695968,0.6623419,0.6742285,0.77375066,0.7411834,0.8059517,0.845171,0.83214337,0.85861295
0.300161245909846,0.6605863,0.68361765,0.63547784,0.6039451,0.60313755,0.6034626,0.7636409,0.7510843,0.77662444
0.666320075496275,0.7798706,0.7438781,0.815484,0.68822473,0.73748344,0.6388131,0.8458116,0.8550004,0.8368183
-0.594865264256322,0.28465515,0.24022408,0.3260593,0.17115854,0.17278905,0.16683334,0.6684735,0.6727927,0.66420937
1.06189894404647,1.0000005,1.0000005,1.0000005,1.0000007,1.0000007,1.0000007,0.9999998,0.9999998,0.9999998
-0.489467925821018,0.58210146,0.51180476,0.65527713,0.4768121,0.5419673,0.41152084,0.74044836,0.77150804,0.7117928
0.458314010869571,0.8054925,0.80681425,0.8026053,0.74571913,0.72401965,0.7667528,0.88350576,0.88097876,0.88604736
0.231393668088076,0.60857874,0.5974402,0.61667335,0.5609473,0.5868733,0.53384686,0.7124924,0.7049469,0.72020125
0.402225934584265,0.6538791,0.63961375,0.66555196,0.5874146,0.58252746,0.59096676,0.7801399,0.77548486,0.7848511
0.411687292578883,0.55632347,0.5455342,0.5636376,0.64488363,0.62434965,0.6644075,0.7735647,0.77958465,0.767637
0.0738141870629063,0.62783426,0.6222485,0.6304388,0.49359682,0.5143209,0.47139284,0.72584677,0.72758824,0.7241136
0.0102714689940582,0.66269654,0.66060716,0.66206545,0.45504037,0.47455838,0.43390074,0.7575828,0.7648014,0.7504993
0.596303755796257,0.69600636,0.68886024,0.7007419,0.71254414,0.6923146,0.7319789,0.8446115,0.8404882,0.84877545
-0.180574644223965,0.73355705,0.7345337,0.7304347,0.7377059,0.7206016,0.7540567,0.8735505,0.86589515,0.8813423
1.0587466242136,0.9919709,0.9919395,0.99193746,0.97514164,0.97510207,0.97510034,0.9922207,0.9922207,0.9922207
0.793449478361187,0.83984447,0.85118103,0.8273608,0.7578937,0.740048,0.7750609,0.8947482,0.8909203,0.89860916
0.728157138440062,0.8451266,0.82515156,0.8642572,0.7896652,0.78747004,0.7911767,0.88193476,0.8863478,0.87756544
0.349155380710053,0.68184316,0.6811531,0.6799667,0.5977757,0.61065453,0.5836526,0.79233545,0.7881444,0.79657125
-0.976490076557834,0.4404853,0.3979704,0.48077556,0.33972415,0.41042674,0.26876825,0.6813014,0.69750476,0.6658337
-0.226558938190209,0.6210949,0.6160194,0.6231298,0.63896817,0.63519025,0.64157516,0.8559334,0.8514583,0.8604559
-0.600089982140184,0.4945486,0.4425251,0.54593325,0.380965,0.49956986,0.26548827,0.72835517,0.7509174,0.7071091
0.278462465052885,0.7364928,0.6890664,0.7843195,0.5689425,0.6631589,0.4764808,0.8586875,0.8809677,0.8375066
-0.641182587469526,0.47138828,0.45929357,0.47935298,0.33465874,0.2643092,0.40472,0.6777588,0.6368897,0.7242327
0.854458058487263,0.8352309,0.8583643,0.8113414,0.7589719,0.74132633,0.77593964,0.88055855,0.86632776,0.8952647
0.388006852675933,0.64083916,0.6013457,0.67922175,0.73875266,0.7552026,0.7215507,0.8540636,0.8540636,0.8540636
-0.523086668303859,0.36141446,0.339867,0.37833694,0.38611975,0.394819,0.37545648,0.7173398,0.7212454,0.7134761
-0.130968768562294,0.5776028,0.5752935,0.57650495,0.54913473,0.584781,0.51249456,0.79931355,0.8049567,0.793749
1.09531700028675,0.9684185,0.9592161,0.9774501,0.97218215,0.97256726,0.97170645,0.9783909,0.9917383,0.9653979
0.0352170627856419,0.5892365,0.51313233,0.6694053,0.63514376,0.6994284,0.5711437,0.8481845,0.8800403,0.8185544
0.745095136103487,0.71798366,0.7618919,0.67394835,0.65483505,0.65273887,0.6558082,0.81200963,0.7998252,0.82457095
-0.38996579336778,0.5951654,0.53379077,0.6579214,0.4006047,0.46968442,0.3313613,0.7648862,0.7855502,0.7452816
0.636523423542309,0.74664354,0.7688594,0.72295624,0.67795515,0.66562045,0.68929267,0.88191384,0.8719349,0.8921238
-1.20837042485678,0.08126745,-0.021222802,0.19697091,0.2307691,0.34352297,0.12032277,0.53863126,0.6026383,0.48691532
-0.238505334047113,0.5260614,0.46251494,0.59097666,0.32676628,0.4503385,0.2066347,0.62318945,0.6389973,0.60814494
-0.471131972480856,0.5340495,0.5265587,0.53782296,0.55523133,0.57657003,0.532619,0.74546826,0.74574864,0.745188
1.01637715061671,0.9696208,0.96950215,0.9694944,0.921853,0.9363296,0.90719324,0.9801188,0.9801188,0.9801188
-1.02086634371896,0.2963932,0.2522293,0.33757,0.16572408,0.26006028,0.07212624,0.6254466,0.6402639,0.61129963
0.321417207448129,0.7188153,0.70420814,0.7313647,0.7043169,0.7297818,0.6781241,0.8368855,0.84523356,0.8287008
-0.283453363896901,0.42919636,0.42647725,0.4273106,0.6212988,0.6120404,0.6293524,0.77438796,0.777371,0.77142775
-0.526731235283057,0.4989455,0.508196,0.4858077,0.47312933,0.4286241,0.5166395,0.7180541,0.7015084,0.7353991
0.828749661348972,0.7353966,0.76249564,0.7070066,0.72065276,0.735602,0.7048771,0.8335042,0.80979323,0.8586455
-0.347301476664015,0.6841274,0.6828691,0.68283725,0.7309799,0.7524736,0.70877755,0.8468789,0.8520026,0.8418163
0.534415486676389,0.8444766,0.855434,0.8323995,0.75647366,0.73591715,0.7763825,0.8764754,0.86666,0.8865157
-0.0127588186408138,0.5066413,0.4972085,0.512168,0.5353416,0.5677343,0.5018301,0.71548694,0.7156349,0.71533895
0.430578428791486,0.74578905,0.6993084,0.79263157,0.7144544,0.7584416,0.6702235,0.844472,0.87233806,0.8183311
-0.697962061309653,0.44318053,0.41375777,0.46913776,0.3183342,0.36752456,0.2678662,0.7090537,0.7191344,0.69925165
-0.28586354540431,0.51518255,0.472468,0.5562157,0.54120624,0.5651412,0.5159967,0.739403,0.74473196,0.7341498
0.771013994493068,0.77990377,0.78737015,0.770734,0.76034147,0.7463432,0.7736268,0.8788738,0.88097095,0.8767867
-0.879829454265984,0.2968747,0.15604946,0.46711922,0.29619375,0.474945,0.12671714,0.65026855,0.70180535,0.6057831
-0.109015724597058,0.6476102,0.65946317,0.6331118,0.70221275,0.68052214,0.72309625,0.8153973,0.820134,0.8107151
-0.585449432467942,0.31327522,0.30652136,0.31451383,0.23252255,0.25235334,0.21036215,0.65411735,0.6507703,0.65749896
0.427667268250229,0.7510528,0.6751433,0.8316989,0.6160434,0.70207953,0.5313745,0.7906164,0.8176904,0.76527786
-0.60129660420006,0.7821757,0.80117893,0.761827,0.77353734,0.78574246,0.76064914,0.8620455,0.86575055,0.8583721
-0.89187518073723,0.41542897,0.33249754,0.50350785,0.27298856,0.44152015,0.112463884,0.6306711,0.672619,0.59364825
0.696666592429013,0.8701932,0.8781197,0.8612901,0.8497935,0.8280001,0.8712608,0.915039,0.91392314,0.9161576
-0.0796723660222406,0.62129325,0.6167624,0.62278056,0.67238575,0.68885165,0.65495497,0.8080289,0.80533504,0.8107407
0.473734282468492,0.7413513,0.7733729,0.7083979,0.74219,0.7232429,0.760421,0.854963,0.8479724,0.86206985
0.446444131381828,0.6803408,0.63915783,0.72086626,0.6699122,0.7200434,0.6196031,0.8232567,0.84104824,0.8062022
0.0788785761764492,0.69222236,0.6010518,0.79117435,0.70330477,0.7739284,0.63345945,0.8467266,0.8966173,0.8020955
0.256121538881788,0.5794667,0.6101243,0.5466269,0.65441513,0.6154192,0.6928249,0.73843014,0.70445776,0.77584517
0.614685113963898,0.78773516,0.79723436,0.7766345,0.7287773,0.7137033,0.7430459,0.8467738,0.83004856,0.8641868
0.850383416043383,0.92503554,0.9349158,0.9146508,0.91262877,0.90252066,0.9224872,0.9387806,0.9222409,0.9559244
0.0943519217271421,0.51145524,0.48734826,0.5322684,0.6434731,0.6331033,0.6527179,0.7522776,0.75332594,0.75123215
-0.338626942770391,0.377412,0.3767993,0.37300566,0.25333366,0.24616739,0.25808433,0.67695117,0.6653334,0.6889819
1.11197262466932,0.99999976,0.99999976,0.99999976,1.0,1.0,1.0,0.9999999,0.9999999,0.9999999
-0.325987625832629,0.5158488,0.5292395,0.4988377,0.5254188,0.49639556,0.5531952,0.76277125,0.752683,0.77313364
0.602462583430808,0.67846584,0.7260998,0.6308174,0.56314075,0.45805007,0.67093986,0.78994197,0.75702804,0.82584804
-0.680609716103505,0.47346002,0.4694033,0.47327417,0.34340233,0.32019624,0.3646611,0.72450936,0.7222418,0.72679114
0.0822929292088232,0.6054557,0.56117153,0.64886844,0.54296994,0.5722779,0.51249814,0.78569824,0.79780525,0.77395326
-1.32583898264582,0.34334418,0.3492663,0.33222315,0.3165433,0.31867948,0.31218562,0.63597006,0.61950266,0.65333676
-0.824552256783885,0.5270001,0.49041206,0.5613631,0.47471786,0.5177527,0.43067032,0.66549546,0.69620174,0.63738334
-0.381227123698055,0.6325779,0.5956048,0.6681456,0.5263893,0.5704686,0.4814899,0.7911056,0.8046489,0.7780107
-0.637717247493518,0.5467583,0.44518235,0.65878195,0.6548644,0.7068212,0.6027487,0.79890305,0.8333878,0.76715875
0.115019966344232,0.6057553,0.5507225,0.6612736,0.5759298,0.6098385,0.54106724,0.7459202,0.7778327,0.7165232
0.0465823394244412,0.7652081,0.7227429,0.8077613,0.67973965,0.7472158,0.6128242,0.8798966,0.8976803,0.8628039
0.216506362320945,0.79349124,0.79268444,0.792632,0.7998285,0.79950976,0.79949576,0.8861085,0.8861085,0.8861085
-0.348234854554957,0.33701098,0.27316403,0.4013804,0.2901095,0.28701973,0.29089028,0.6407523,0.64451635,0.6370321
-0.611842003212303,0.40062764,0.3949694,0.40146592,0.35020846,0.3754264,0.32313204,0.6802972,0.6807186,0.6798763
0.256443079302759,0.6997746,0.67964685,0.7179003,0.74517244,0.7611469,0.72846085,0.81391644,0.83155936,0.7970065
-0.294807482507929,0.51816195,0.49700367,0.53591794,0.55676264,0.5739885,0.5382097,0.767766,0.7718221,0.76375234
0.872970627327414,0.8816407,0.9114598,0.85177106,0.86966133,0.85898846,0.87994784,0.90492284,0.90492284,0.90492284
0.35846093634887,0.62893534,0.6077246,0.6476283,0.50310856,0.5564024,0.44924957,0.74759465,0.75427794,0.74102867
-0.190262430066955,0.6555571,0.6365855,0.67212206,0.5497044,0.56249034,0.53551835,0.80729,0.8095069,0.8050853
-0.730321790760561,0.32199654,0.33465782,0.3041915,0.23718004,0.22347103,0.24846694,0.66758174,0.65393054,0.681815
0.393771096967325,0.7400568,0.7576952,0.72069377,0.77173376,0.7418173,0.8012185,0.8683223,0.86295146,0.87376034
0.0614986181572168,0.6676547,0.60330474,0.73427826,0.58039767,0.6610302,0.5007229,0.79371697,0.8173789,0.7713865
-0.603291002943359,0.34319094,0.29938957,0.38426456,0.19426344,0.20705326,0.17892732,0.7022279,0.69887054,0.7056177
0.5722589476044,0.67901444,0.6459243,0.710727,0.6260972,0.6261986,0.6247791,0.8154937,0.8018891,0.82956785
0.217473678489603,0.6466642,0.6748355,0.6166193,0.74823964,0.72979,0.7659872,0.8376269,0.8251476,0.8504894
0.260865349814166,0.80077094,0.78288954,0.81736785,0.82862675,0.8645299,0.79261184,0.8883631,0.90068877,0.8763702
0.418323982531535,0.5566324,0.54543066,0.56437117,0.50684464,0.52643806,0.4857961,0.67488956,0.66773134,0.682203
-0.0438908497524553,0.5481691,0.56260794,0.53039944,0.52097005,0.5016498,0.53885984,0.7573749,0.7404988,0.7750382
0.46289273869537,0.6043029,0.6202083,0.5855574,0.5664128,0.52547383,0.60654056,0.7776908,0.76512545,0.79067576
-0.356094344717583,0.5813306,0.5900617,0.56934804,0.59283286,0.59681505,0.5875329,0.7977214,0.80235815,0.79313785
-1.53025839390068,0.42790022,0.40021655,0.45187113,0.6156496,0.6402807,0.5899929,0.750186,0.7553334,0.74510837
-0.725362038242354,0.49518573,0.47571242,0.51099163,0.6331251,0.6604384,0.60489243,0.73178923,0.7478311,0.7164211
-1.24119042679126,0.4167321,0.34947973,0.48553014,0.33424413,0.40414566,0.26403296,0.71718484,0.75030863,0.686862
0.863668096342551,0.8283243,0.81457967,0.8408698,0.7643866,0.79262626,0.73566353,0.88735384,0.90796125,0.86766106
0.345382507091185,0.6714607,0.6159469,0.7279435,0.5985583,0.71318823,0.48722523,0.7709457,0.8183476,0.72873455
0.326188717278606,0.69985515,0.69464135,0.70266724,0.72448176,0.6781423,0.770685,0.86090994,0.84029424,0.88256276
0.246183098912773,0.72652614,0.7155547,0.73540425,0.7000885,0.7216274,0.6777424,0.8402724,0.84683156,0.83381414
-0.104080107203838,0.5289341,0.5554043,0.49962607,0.43657917,0.45272508,0.41870546,0.7387128,0.7172816,0.761464
0.0971289566341487,0.42069897,0.46456394,0.37484142,0.52768296,0.4925421,0.5617276,0.7362566,0.7006419,0.77568597
-0.0516559407243838,0.5672468,0.5889407,0.5427058,0.5547602,0.5339533,0.5742673,0.76639754,0.73846865,0.79652196
0.159291952775428,0.6276976,0.57552695,0.6801039,0.5594347,0.66563815,0.45579463,0.77034223,0.8019186,0.74115837
-0.163308236191849,0.5040974,0.48643276,0.5180863,0.47570774,0.4934423,0.45639247,0.75442237,0.7565571,0.75229967
0.886453080644558,0.96481085,0.95533454,0.9740921,0.92719567,0.9452205,0.9090444,0.9612288,0.9683018,0.9542584
-0.463887291390546,0.2788037,0.2277173,0.32781413,0.3385605,0.34757945,0.32742655,0.64631385,0.65612626,0.63679063
0.2657553824853,0.7665888,0.7081636,0.8269913,0.7831808,0.82591105,0.7403815,0.8524174,0.8959191,0.8129446
0.950297879612068,0.859216,0.87558204,0.8420015,0.7954066,0.7744402,0.8158584,0.9143389,0.911795,0.91689694
-0.758834614174151,0.5382398,0.5178672,0.55533123,0.56245244,0.61172277,0.51264703,0.72862273,0.7425198,0.71523637
0.151297216411679,0.69843906,0.64673877,0.7507838,0.67442036,0.7322179,0.61674726,0.77303433,0.7868581,0.7596879
1.03314522015112,0.92172873,0.9490746,0.8944916,0.88627654,0.8583953,0.91405565,0.94898033,0.933711,0.9647573
0.134718164322023,0.61043,0.5417738,0.6817975,0.46995756,0.591621,0.35187486,0.78508824,0.8161819,0.75627685
-0.679641087781849,0.2634203,0.27191985,0.24916647,0.16391166,0.21173586,0.11429312,0.6143819,0.60383296,0.625306
-0.206775136774515,0.6201194,0.5475051,0.6962323,0.5999494,0.66837597,0.5318981,0.8272931,0.8660709,0.79183894
-0.125476550515078,0.36451218,0.38857383,0.33626577,0.4042737,0.35689655,0.45053723,0.7323072,0.72448003,0.7403054
-0.374085951586604,0.5807642,0.5976436,0.5609045,0.61441,0.6263026,0.60131776,0.7902516,0.78484404,0.79573417
-0.382516336582448,0.38089845,0.34373388,0.41482815,0.21403487,0.26315075,0.16332345,0.6582216,0.6793025,0.6384096
0.366733160394768,0.68382025,0.67967206,0.6854279,0.688087,0.7099577,0.6653757,0.787163,0.7961963,0.77833253
-0.623945079193381,0.44904265,0.4901543,0.40581042,0.4089181,0.35728177,0.45961514,0.7193758,0.6821407,0.7609105
-0.832949941754411,0.41144907,0.26964298,0.58098334,0.20722167,0.45725912,-0.023030123,0.6701659,0.7608793,0.5987785
0.221373399714367,0.63351995,0.6142756,0.6501929,0.5588131,0.56951815,0.5467191,0.77393,0.7770674,0.7708178
-0.606044712883281,0.3815663,0.37380606,0.3843781,0.3472412,0.277264,0.41694698,0.7280989,0.7106037,0.74647754
-0.711168692138307,0.48856357,0.48367852,0.4893336,0.47911328,0.47328568,0.48325583,0.7272598,0.7177154,0.73706144
-1.0941649864717,0.24819347,0.25605154,0.23444164,0.20885397,0.26916656,0.14740297,0.68494457,0.709183,0.6623082
0.768092087049021,0.7966026,0.8305112,0.76228917,0.8028932,0.78198904,0.823307,0.8897376,0.8827197,0.89686805
-0.720295953053771,0.40572408,0.40769026,0.39898694,0.34703,0.31172773,0.38066012,0.68557155,0.67614305,0.69526666
0.324394876041156,0.6907376,0.744553,0.637653,0.60670686,0.507847,0.7079048,0.8031504,0.77044904,0.8387509
-0.207887138647032,0.59086096,0.5968831,0.5816054,0.42076564,0.38928074,0.45072046,0.7644161,0.75523555,0.77382255
-0.286677508810017,0.5054031,0.490749,0.51627934,0.5302324,0.51698476,0.54200965,0.77090794,0.7605325,0.78157043
0.0444672062982264,0.41343698,0.38992262,0.4328508,0.43841174,0.4275081,0.4475254,0.7312057,0.73517406,0.72728
0.719354533956697,0.9301567,0.92988384,0.9298661,0.88888603,0.8887091,0.8887014,0.9562245,0.9562245,0.9562245
0.186261965357475,0.5166404,0.5339366,0.49589333,0.5873709,0.55938464,0.6142894,0.7269352,0.7117609,0.74277073
0.10186939781426,0.5834912,0.57608056,0.58758396,0.6764683,0.689251,0.66269463,0.8432306,0.8428985,0.84356296
0.172449146851823,0.8013199,0.7979546,0.80309004,0.78691196,0.7795745,0.79357404,0.883124,0.8791298,0.88715446
-0.558634457837704,0.4670629,0.40510184,0.5298077,0.24360618,0.3179547,0.1689339,0.67348063,0.7091811,0.64120233
-0.122662158495722,0.61748517,0.5997788,0.63242745,0.60105836,0.61409557,0.5867893,0.7589885,0.75919235,0.75878483
0.344976359633273,0.5862673,0.5384394,0.63350385,0.44233537,0.4842766,0.39924714,0.7562754,0.7833991,0.73096704
-0.634092281533245,0.26323867,0.26001194,0.26052114,0.26633286,0.32219905,0.20929949,0.6541252,0.655139,0.65311456
-0.335766117542708,0.50975454,0.49719492,0.5185074,0.4055207,0.44134614,0.36825767,0.71758866,0.72949636,0.70606357
-0.0816071420574548,0.43834865,0.457269,0.41546744,0.43555748,0.44111976,0.4281732,0.70812124,0.70590657,0.7103499
-0.131333941814604,0.69997114,0.73548996,0.66348445,0.8181989,0.8381814,0.79776555,0.8904974,0.8963078,0.8847618
0.00569707235022577,0.7373299,0.74625665,0.72638994,0.6831275,0.67093873,0.6943343,0.86227983,0.84561396,0.87961584
0.452342420134319,0.78552186,0.84812784,0.72523284,0.77217275,0.73440677,0.8096965,0.8638929,0.8278227,0.90324974
0.0634745638412733,0.5673814,0.5548759,0.57654434,0.4977712,0.5074229,0.48652375,0.74838334,0.7542077,0.7426482
0.498387944565994,0.496195,0.47867268,0.5099722,0.5158489,0.52855194,0.50163555,0.7085996,0.67908895,0.7407918
-1.06917708579321,0.38832486,0.3778024,0.39400613,0.42456815,0.47488204,0.37333894,0.69412273,0.6937343,0.69451165
0.776782548119488,0.7475657,0.6767861,0.82213706,0.8318723,0.8798646,0.7841236,0.8675266,0.91191185,0.8272614
-1.29190585892711,0.3838262,0.3155758,0.4536937,0.2657798,0.36025837,0.17229947,0.6773602,0.70792204,0.64932793
0.876777474480984,0.87017876,0.8940179,0.8458826,0.8854028,0.8485416,0.9223623,0.94836766,0.93362933,0.96357876
-1.22873103109504,0.4750205,0.44352955,0.5034516,0.41899878,0.4431816,0.3931563,0.765255,0.7743972,0.75632614
-0.00872260076300496,0.582056,0.5757962,0.5849711,0.5150048,0.52084106,0.50760543,0.7677392,0.773,0.7625495
1.20705874989281,1.0,1.0,1.0,1.0,1.0,1.0,1.0000001,1.0000001,1.0000001
-0.750684260164887,0.58111507,0.5680377,0.5909769,0.58942413,0.579889,0.5976519,0.7819014,0.778847,0.78497994
-0.544190165770394,0.41297057,0.3986501,0.42275667,0.47522888,0.49926355,0.4497112,0.7132115,0.7128297,0.7135936
0.348392047131494,0.6295663,0.6303638,0.6257854,0.5634335,0.5375401,0.5881413,0.79558444,0.79385877,0.7973175
0.244314323532785,0.78495413,0.74318475,0.8268899,0.65500104,0.72017217,0.5902129,0.84142286,0.8691392,0.8154197
-0.534968201783498,0.5102674,0.51339734,0.5032171,0.44914857,0.40093172,0.49642414,0.72293764,0.6861245,0.76392496
0.194747690883242,0.45471847,0.45925695,0.44583675,0.5087122,0.5539242,0.46266302,0.6985013,0.6902162,0.70698774
-0.801340192902029,0.41943356,0.3775602,0.45886195,0.45584592,0.49820307,0.41239706,0.6706843,0.67567205,0.6657696
-0.553580442228928,0.4782163,0.49015653,0.4623111,0.5986823,0.61224556,0.583885,0.76517767,0.76383305,0.76652694
0.00473439540802641,0.59679365,0.6560004,0.53845507,0.65024287,0.5865687,0.71424365,0.79786545,0.75854576,0.8414843
-0.107202877720009,0.793498,0.7218795,0.8692967,0.62383556,0.7361754,0.5146747,0.85707045,0.8988161,0.8190304
0.0566476251652252,0.50646496,0.4664435,0.54445165,0.4755414,0.52675,0.4236042,0.76844937,0.77490383,0.7621015
0.573840639327125,0.41618702,0.4373664,0.3910108,0.3127719,0.29631102,0.327088,0.64162105,0.6386195,0.64465106
0.215726565863213,0.51773584,0.45672268,0.579639,0.3851157,0.42195213,0.34680635,0.72888297,0.7469318,0.7116859
-0.581676204065851,0.59297574,0.519009,0.6705866,0.70066947,0.7599386,0.6416625,0.8071746,0.8332474,0.782684
-0.251308598841137,0.61905754,0.65849364,0.5784313,0.6723063,0.6175178,0.7271032,0.7869491,0.7595272,0.8164252
0.0786096306952773,0.5986711,0.6179917,0.5766179,0.5558455,0.5113846,0.59957236,0.7751116,0.74914825,0.8029392
0.880460306186171,0.677392,0.6945606,0.65799725,0.7314242,0.7309965,0.7309778,0.87991387,0.8738382,0.88607454
1.1059790525339,0.8838867,0.9019472,0.8652293,0.92155707,0.9047357,0.93822056,0.95327336,0.9411483,0.96571493
-0.408023505723349,0.30215833,0.33174863,0.26838648,0.38140467,0.4182306,0.34309375,0.6555098,0.6563291,0.65469253
-0.0478070804090584,0.7004918,0.64758724,0.754207,0.67884016,0.7147298,0.6423693,0.8657801,0.8864785,0.84602624
-0.378401054946374,0.39500773,0.35504138,0.4321413,0.3928768,0.42506278,0.35911998,0.71422935,0.71627057,0.71219975
-0.654782262586027,0.29494762,0.43428174,0.17442125,0.42253992,0.42321846,0.4199832,0.6771755,0.636409,0.7235224
0.411150765980276,0.81305057,0.7473929,0.8820288,0.7687679,0.7973283,0.73974293,0.8716272,0.89299375,0.8512592
-0.966062954252492,0.4999625,0.48382583,0.5123299,0.6956447,0.6838571,0.70648736,0.8104549,0.8155825,0.8053913
0.290421236883746,0.37709996,0.28662676,0.47479278,0.54631823,0.63875264,0.45546424,0.713407,0.83745694,0.621366
0.932408044579206,0.85962135,0.85321116,0.86493623,0.81851536,0.81054384,0.8259173,0.8938844,0.8836836,0.9043235
0.296105844874667,0.69615483,0.70916164,0.68091756,0.6714958,0.6462392,0.6959057,0.847186,0.837221,0.8573911
0.766330615591069,0.88170874,0.83578825,0.9289084,0.8957787,0.9187184,0.87267935,0.93575335,0.9564216,0.91595954
-0.476086170446361,0.47490963,0.4255641,0.5231202,0.41748512,0.45560724,0.37802646,0.7077551,0.7129941,0.7025925
0.12065941196193,0.7375122,0.7211523,0.7520232,0.68657404,0.6860749,0.68605304,0.879901,0.879901,0.879901
0.0457386523003357,0.5648223,0.56249034,0.56364405,0.5001328,0.47263163,0.5262742,0.74511063,0.727496,0.7635995
-0.330764969714334,0.60990536,0.63956773,0.5782057,0.5416689,0.4905902,0.59220237,0.7730481,0.74301714,0.80560887
-0.41768350559415,0.4029614,0.3317269,0.4765224,0.46667105,0.5487687,0.38530484,0.7388418,0.7423157,0.73540026
-0.631810258194175,0.37154335,0.3854044,0.35296965,0.2827595,0.25925165,0.30412757,0.66621923,0.65549713,0.677298
-0.228599411528275,0.524985,0.48319104,0.56506526,0.5206049,0.5674786,0.47298542,0.7507935,0.7622504,0.7396758
-0.899016293427515,0.5080254,0.388322,0.6444919,0.32045317,0.549971,0.107317194,0.69072413,0.7630093,0.63094985
0.575374069095134,0.6732757,0.64700997,0.6976502,0.63661367,0.67925406,0.5934483,0.80348355,0.8279658,0.78040755
0.96742862450937,0.79045653,0.78528064,0.79396343,0.74846673,0.7402128,0.75592417,0.8431008,0.8487037,0.8375713
-1.03913373150895,0.21230294,0.18873957,0.23019452,0.27613452,0.30311313,0.247099,0.55551356,0.54934794,0.56181914
-1.21606962044665,0.23265535,0.18341197,0.27926356,0.12299996,0.21929778,0.027476039,0.57345957,0.59751934,0.5512623
-0.393195047259766,0.48616552,0.47192523,0.4964588,0.39739656,0.40697297,0.38589948,0.7196236,0.7212418,0.71801275
0.585172338079427,0.7769697,0.74529284,0.80791867,0.7746226,0.83044684,0.7191456,0.86847544,0.9171053,0.82474315
-0.82705850363026,0.3824835,0.32228443,0.44272083,0.23029515,0.3912333,0.076425,0.69314796,0.7124286,0.6748833
-0.396002643815656,0.52700895,0.474285,0.5793969,0.39102128,0.41822317,0.3621304,0.7653223,0.7722511,0.7585168
0.391430047109429,0.69517875,0.69585437,0.69204736,0.64443266,0.6576366,0.6301381,0.83916235,0.8263218,0.8524083
-0.108592264173436,0.6634208,0.6134142,0.71362567,0.57185966,0.6329289,0.51074743,0.7856673,0.80003595,0.7718056
0.322367201977593,0.81405735,0.8133309,0.8132837,0.8202946,0.8200084,0.8199959,0.87798846,0.87798846,0.87798846
-0.808942003454658,0.5103576,0.5086222,0.50814253,0.4746564,0.5058563,0.44211942,0.71713066,0.72394824,0.7104403
0.923176998848555,0.8236384,0.82785857,0.8180195,0.82823366,0.82823074,0.82767755,0.90082276,0.9035013,0.8981601
0.244847396389546,0.697743,0.63974243,0.75722665,0.6243441,0.70059955,0.5489297,0.81183445,0.85838974,0.77006936
0.256870084279299,0.70327526,0.72536284,0.679382,0.59844106,0.5853215,0.6103108,0.83185005,0.82259464,0.84131604
-0.0824652774445014,0.8226194,0.803549,0.84062743,0.7900371,0.85312694,0.7276352,0.8589879,0.8722222,0.84614927
-1.16502392384545,0.7701771,0.758962,0.7796577,0.74725294,0.7616181,0.7321402,0.8483398,0.8692337,0.82842684
0.272472621101367,0.6113697,0.6121428,0.6074668,0.521379,0.5735679,0.46863678,0.782572,0.7804043,0.78475183
0.574856896328448,0.6837455,0.6678334,0.6973599,0.6262741,0.64313954,0.6083001,0.80942494,0.8113471,0.8075119
0.134827305630302,0.7931303,0.7791982,0.8055845,0.66163903,0.6294111,0.6931312,0.86675084,0.8554884,0.8783138
-0.491037872973927,0.63723475,0.70583993,0.5709988,0.5602699,0.44804922,0.67578655,0.7768307,0.736559,0.8217609
-0.413676354032134,0.5444649,0.5772044,0.5094586,0.5716474,0.56160957,0.5803242,0.7417484,0.7227224,0.76180315
0.686938981183842,0.80601704,0.8700596,0.7445831,0.7924566,0.7567756,0.8279068,0.86100096,0.82747555,0.8973575
-0.424887613616621,0.5813079,0.571244,0.58808315,0.5383693,0.5611639,0.5142715,0.7881195,0.79096425,0.785295
-0.909797304855112,0.3648692,0.33999085,0.3853523,0.40378633,0.4407158,0.36544362,0.6755486,0.6740345,0.67706954
-0.454372049763043,0.49545032,0.5767716,0.4180597,0.5313378,0.5082821,0.55305296,0.7637569,0.7214413,0.81134576
-0.663404991006363,0.32896355,0.27465892,0.3820002,0.5494356,0.53310436,0.5643903,0.7190514,0.7080806,0.73036754
-0.210733383607732,0.7666853,0.7573864,0.77418154,0.7973571,0.7859607,0.8081382,0.8746519,0.86462736,0.8849117
0.353992620224767,0.7603464,0.7815321,0.73774415,0.74001026,0.7332002,0.7459887,0.866491,0.84946525,0.8842133
-0.196985146105589,0.40828314,0.38600796,0.42634475,0.57157886,0.57089555,0.57086813,0.740127,0.7416542,0.73860604
-0.42810052440641,0.53290653,0.49724996,0.56629616,0.5173883,0.5641182,0.4698979,0.76063704,0.7812321,0.74109995
-0.87764535064597,0.3548663,0.31655076,0.38988367,0.23766035,0.34114805,0.13575932,0.6382795,0.6447694,0.63191897
0.167806807424888,0.418912,0.42800966,0.40529466,0.44015282,0.42136,0.45724502,0.6980026,0.68535507,0.71112555
0.172948005283587,0.7563111,0.7362448,0.7748253,0.61498916,0.63882977,0.5901075,0.8422751,0.8477211,0.83689857
0.01897138526469,0.6185523,0.65227896,0.58315074,0.5926089,0.55111885,0.6333887,0.80614316,0.78262806,0.8311152
-0.719227783743262,0.3297683,0.37696907,0.28046486,0.30682746,0.2914349,0.32004344,0.6621946,0.6469022,0.67822754
0.150647317930397,0.8439553,0.82311577,0.863978,0.8542197,0.88716584,0.8211721,0.9068879,0.9177441,0.8962854
-0.393056140482655,0.7160978,0.75310534,0.67835146,0.6391063,0.576356,0.7021051,0.84130603,0.81354564,0.8710278
0.208675687871839,0.7397385,0.70324033,0.7755951,0.83706343,0.8488918,0.8247542,0.88452995,0.9165784,0.85464704
-0.187922032094629,0.6818954,0.6919988,0.66936773,0.71785855,0.70133215,0.73356014,0.81363875,0.79939854,0.8283956
-0.118049817191771,0.6536681,0.6642317,0.64046997,0.49044484,0.50325495,0.47604358,0.75925136,0.7489011,0.76989174
-1.00996968690301,0.3483256,0.34580716,0.3455864,0.3372711,0.31476092,0.3578019,0.62535584,0.62451357,0.6262003
0.176755726140388,0.6031985,0.63662964,0.56796294,0.60466766,0.57757246,0.63073343,0.83218014,0.81551766,0.84953773
0.744566885221159,0.8707074,0.88760406,0.85306984,0.87027407,0.8532677,0.8869574,0.9136299,0.9011827,0.92642576
0.738162147217313,0.8705322,0.8621055,0.87798154,0.89766496,0.8873855,0.90764743,0.9326325,0.92756283,0.93775785
0.300278507081803,0.71937233,0.70861036,0.7279783,0.63902396,0.63878095,0.6380921,0.81378245,0.81547564,0.81209624
-0.241352174292162,0.48596102,0.4872415,0.48054662,0.5496602,0.5553331,0.54253495,0.77479434,0.77966,0.769989
1.09985110434941,0.97630036,0.9762078,0.9762018,0.93387115,0.9337658,0.9337612,0.9657165,0.9657165,0.9657165
-0.686977863898447,0.6407203,0.6255683,0.65320194,0.5833582,0.58931684,0.5760587,0.8130746,0.8166376,0.8095424
-0.519306932424529,0.67515767,0.67879975,0.66892123,0.7583224,0.77896434,0.73704666,0.80949956,0.80731016,0.8117008
0.85506858237611,0.9810941,0.9810203,0.98101544,0.91276336,0.9126244,0.91261834,0.9629171,0.9629171,0.9629171
-0.628704830065154,0.49500936,0.47999498,0.5061741,0.41774645,0.4232991,0.4103135,0.7095454,0.70787704,0.7112217
-0.560235476678433,0.58668077,0.5515686,0.61987984,0.6753859,0.7129817,0.6372417,0.7913218,0.80218065,0.780753
-0.688757058825124,0.58867705,0.51290405,0.66844374,0.48152858,0.5850424,0.3801914,0.7715191,0.79922265,0.7456719
-0.108756918555588,0.4584297,0.53045726,0.38858104,0.407194,0.36060926,0.45264593,0.70529634,0.67755055,0.7354115
-0.026417463801632,0.7345029,0.70750755,0.7601323,0.6526355,0.6726656,0.6316245,0.82593566,0.8366225,0.8155184
-0.244998647354626,0.6545963,0.6106032,0.69803447,0.42840984,0.56113416,0.30016065,0.7428029,0.7630333,0.7236177
0.474661317117717,0.8040669,0.80330133,0.8032516,0.8251841,0.81510335,0.83472985,0.9087322,0.9087322,0.9087322
0.305218550935791,0.8085908,0.81388354,0.8017908,0.6901085,0.6860721,0.6931411,0.9026443,0.90103185,0.90426254
-0.65595074125967,0.46799842,0.42428774,0.50981426,0.33189985,0.3382606,0.3233857,0.7092092,0.7206068,0.69816643
-1.12851092127124,0.48517925,0.45244125,0.5150378,0.42940715,0.48645517,0.37172407,0.7434104,0.7519316,0.7350801
1.02703410205356,0.9999994,0.9999994,0.9999994,1.0,1.0,1.0,1.0,1.0,1.0
-0.200973027873168,0.5684915,0.56866264,0.56484276,0.4851845,0.44358027,0.52573967,0.76350886,0.74254704,0.78568864
0.0244865343142211,0.505635,0.48513997,0.52259487,0.48214483,0.49361104,0.4690475,0.7815332,0.7982685,0.7654853
0.799093463258626,0.91981494,0.920063,0.91892004,0.8454086,0.84083074,0.84949076,0.93532693,0.91956174,0.95164204
0.666740988045865,0.82488596,0.82584375,0.8225175,0.72633094,0.70751417,0.74437815,0.8619208,0.85643125,0.8674811
0.978822829375347,0.8949287,0.9002902,0.88875186,0.98060435,0.9805735,0.9805721,0.9385137,0.93693614,0.9400966
-0.374069475596929,0.23312557,0.16104282,0.3072562,0.22983463,0.28524297,0.1731315,0.6273884,0.6516739,0.60484797
-0.469369532342939,0.44206545,0.46641773,0.4141062,0.4954075,0.48746824,0.50172293,0.7392089,0.7115864,0.7690625
0.385761248897947,0.6510257,0.6481106,0.6511284,0.613032,0.634677,0.5903031,0.7847578,0.7999482,0.7701336
0.261644118976878,0.7910524,0.78473926,0.79571384,0.7492829,0.75323373,0.74452245,0.88435036,0.87625736,0.89259434
0.28445839324277,0.7220518,0.7228348,0.7190298,0.7367891,0.7381237,0.73459876,0.8262923,0.82965374,0.82295793
-0.721805090380403,0.5145798,0.5128669,0.5123762,0.74694496,0.7301062,0.7630568,0.79827857,0.7882798,0.8085343
-0.0388664037252065,0.7038086,0.6724757,0.73382336,0.6736879,0.68746257,0.65892226,0.8107008,0.8235861,0.79821247
-0.250204034108726,0.6485695,0.6121234,0.6836836,0.6148974,0.61632013,0.6122228,0.8001733,0.80199087,0.798364
-0.518972735562362,0.526385,0.49377456,0.55641687,0.46180764,0.42777833,0.49450043,0.7709382,0.77483225,0.76708317
-0.279038280294368,0.4366009,0.31042984,0.58272755,0.3509328,0.46837705,0.23645256,0.6883831,0.73494965,0.6473658
0.747334323691099,0.7702435,0.74985445,0.7892059,0.6902413,0.6969608,0.6825311,0.838534,0.85275865,0.824776
-0.594246705862037,0.3975867,0.40791222,0.38261357,0.30605406,0.3534856,0.25724345,0.6836532,0.67418027,0.6933961
0.766552228343799,0.95955354,0.95939547,0.9593852,0.9492708,0.94918996,0.94918644,0.96175444,0.96175444,0.96175444
1.19969139418467,0.9189142,0.9229936,0.91419876,0.9498023,0.93231237,0.96723366,0.94591194,0.9241146,0.96876234
0.807072209695718,0.86516035,0.87506145,0.85427994,0.8748652,0.86851853,0.8808184,0.87602806,0.8743183,0.87774456
-0.0454249493688024,0.49597082,0.5448803,0.44609073,0.5088467,0.443784,0.57387006,0.71266955,0.67070425,0.76023686
-0.251882089929632,0.4275292,0.4127648,0.43789145,0.46809042,0.47503874,0.4594333,0.70101464,0.6971475,0.70492494
-0.527906676654792,0.18496802,0.15886343,0.20537406,0.10748308,0.13877384,0.07370432,0.6228305,0.6365307,0.6097076
-0.536834052175673,0.8049906,0.8014747,0.8069416,0.83087003,0.8650966,0.79649913,0.87656176,0.91784036,0.83883625
-0.268507153456741,0.50283813,0.4879359,0.51395005,0.28276655,0.29084137,0.27238888,0.6778208,0.676467,0.67918
-0.53001565581408,0.39212325,0.3529369,0.4283702,0.37018862,0.43001562,0.30967152,0.71572614,0.7499238,0.6845113
-0.692246160755374,0.42996693,0.4068795,0.44905832,0.31443706,0.30022177,0.32648733,0.67624074,0.6744113,0.67808014
-0.310699947500922,0.5397332,0.45826742,0.62627053,0.5314738,0.58629745,0.4762286,0.7629342,0.7694521,0.7565258
0.17818401204169,0.6065987,0.60604036,0.6039841,0.6659254,0.6065414,0.7254894,0.75504726,0.72165406,0.7916809
0.326973750223121,0.705389,0.66109943,0.7495181,0.65251124,0.71115613,0.5939605,0.81891143,0.83509195,0.80334604
1.17848517536866,1.0,1.0,1.0,1.0,1.0,1.0,0.9999999,0.9999999,0.9999999
0.600116017837334,0.7820094,0.7811578,0.7811024,0.7998236,0.79950476,0.7994908,0.87023306,0.870233,0.870233
1.20388295896912,1.0,1.0,1.0,0.99999964,0.99999964,0.99999964,1.0000002,1.0000002,1.0000002
-0.809342679575121,0.6027856,0.60123366,0.60113275,0.688217,0.6855744,0.68984663,0.8527163,0.8569117,0.84856176
-0.599447514767506,0.5170932,0.5172794,0.5130158,0.42084756,0.42647627,0.41334972,0.6949115,0.6982131,0.691641
0.635943993936797,0.7993824,0.8592003,0.74162275,0.7310587,0.6887749,0.7730983,0.854455,0.82264805,0.8888205
-0.399410955706727,0.41142535,0.44712165,0.37282795,0.49529022,0.43076375,0.55971056,0.7123665,0.68935287,0.73696995
-0.028426763623335,0.48878404,0.39477348,0.5910314,0.45896295,0.5983552,0.32473522,0.773413,0.82268953,0.7297058
-0.603918745003125,0.5120045,0.4724116,0.549558,0.3407547,0.3546635,0.32478368,0.6967057,0.70662904,0.6870571
0.0539203099356001,0.6476548,0.62156343,0.6716427,0.5613322,0.5505868,0.57068735,0.78035563,0.7744539,0.78634804
0.982823286078281,0.8683115,0.89869314,0.8378146,0.8601221,0.8537916,0.8660101,0.8951763,0.88347065,0.9071962
-0.183681829405465,0.61098504,0.63820285,0.58157265,0.73608947,0.70326984,0.7684267,0.772995,0.76122123,0.7851386
0.727939094927114,0.77143025,0.75350296,0.787839,0.77532154,0.78682446,0.7631364,0.8333862,0.84408486,0.82295537
0.867127456550992,0.8365108,0.8458359,0.82596725,0.8627867,0.8511818,0.8739907,0.9284838,0.9243817,0.93262243
-0.1979174689354,0.46801573,0.5048505,0.42875624,0.53235316,0.50395745,0.5595117,0.7489913,0.725448,0.774114
0.935311804639565,0.7749107,0.8000757,0.7486385,0.5849856,0.52591634,0.6439711,0.83636373,0.81739944,0.8562287
0.407465964997944,0.6683223,0.6275468,0.7083124,0.6096151,0.6292643,0.5888411,0.7714105,0.78165734,0.76142883
-1.03731870933827,0.37783366,0.24263631,0.5379323,0.22567685,0.41495654,0.046966903,0.6163565,0.66900325,0.5713913
0.216967723814541,0.6726415,0.67159957,0.6710427,0.59445316,0.5917367,0.5958513,0.80352736,0.7802721,0.8282113
1.13363170275406,1.0,1.0,1.0,0.99999857,0.99999857,0.99999857,1.0,1.0,1.0
